code,name,naverlink,fnlink,est_level,price,pegr,cur_per,est_price,est_price1,est_price2,disparity,disparity1,disparity2,rep_roe,is_cheap_comp_per,eps_level,eps,eps_expect,eps_expect_this_year_ratio,eps_list,eps증가율,eps증가율기하평균,EPS최근증가율,EPS증가율_ORG,EPS증가율_AVG,market_cap,trading_cnt,지배주주자본,최대주주지분율,ROE,PER,매출액,영업이익,자기주식수,배당수익률,True
A339950,아이비김영,"=HYPERLINK(""https://finance.naver.com/item/coinfo.nhn?code=339950"", ""A339950"")","=HYPERLINK(""http://comp.fnguide.com/SVO2/ASP/SVD_Consensus.asp?pGB=1&gicode=A339950&cID=&MenuYn=Y&ReportGB=&NewMenuID=108&stkGb=701"", ""아이비김영"")",2,2555,0.1,4.22,4372,2949,2451,71.13,15.43,-4.09,27.72,False,3,461.0,485.0,5.2,"[173.0, 282.0, 461.0, 485.0]","[63.0, 63.5, 5.2]",41.00690072357891,489.4,"[-94.9, 2881.9, 63.1, 63.6, 489.4]",88.68706476319747,1148.0,82984,"[448.0, 549.0, 738.0, 826.0]",64.71,"[18.92, 25.42, 32.19, 27.87]","[10.75, 7.17, 4.22, 5.27]",1195.0,191.0,1582885.0,15.42,True
A352090,스톰테크,"=HYPERLINK(""https://finance.naver.com/item/coinfo.nhn?code=352090"", ""A352090"")","=HYPERLINK(""http://comp.fnguide.com/SVO2/ASP/SVD_Consensus.asp?pGB=1&gicode=A352090&cID=&MenuYn=Y&ReportGB=&NewMenuID=108&stkGb=701"", ""스톰테크"")",3,3570,0.0,9.58,4502,3963,3774,26.12,11.01,5.72,13.92,True,0,380.0,,,"[468.0, 534.0, 380.0, nan]","[14.1, -28.8, nan]",0.0,13.3,"[9.7, -2.4, 14.2, -28.9, 13.3]",-0.3024669876266928,959.0,49120,"[819.0, 897.0, 938.0, nan]",70.97,"[16.64, 16.74, 11.13, nan]","[10.46, 5.79, 9.58, nan]",697.0,119.0,,12.36,True
A049520,유아이엘,"=HYPERLINK(""https://finance.naver.com/item/coinfo.nhn?code=049520"", ""A049520"")","=HYPERLINK(""http://comp.fnguide.com/SVO2/ASP/SVD_Consensus.asp?pGB=1&gicode=A049520&cID=&MenuYn=Y&ReportGB=&NewMenuID=108&stkGb=701"", ""유아이엘"")",3,3600,0.0,4.75,7613,7090,6907,111.46,96.94,91.85,12.39,False,0,696.0,,,"[352.0, 923.0, 696.0, nan]","[162.2, -24.6, nan]",0.0,-6.9,"[nan, 64.5, 162.5, -24.5, -6.9]",0.0,1110.0,93761,"[1593.0, 1984.0, 2014.0, nan]",53.38,"[7.37, 16.63, 11.23, nan]","[10.42, 3.76, 4.75, nan]",4123.0,264.0,472039.0,12.08,True
A478560,블랙야크아이앤씨,"=HYPERLINK(""https://finance.naver.com/item/coinfo.nhn?code=478560"", ""A478560"")","=HYPERLINK(""http://comp.fnguide.com/SVO2/ASP/SVD_Consensus.asp?pGB=1&gicode=A478560&cID=&MenuYn=Y&ReportGB=&NewMenuID=108&stkGb=701"", ""블랙야크아이앤씨"")",1,2675,0.0,,3341,2352,2005,24.91,-12.07,-25.03,24.28,False,0,-222.0,,,"[270.0, 293.0, -222.0, nan]","[8.5, -175.8, nan]",0.0,,"[nan, 55.8, 8.6, nan, nan]",0.0,691.0,48699,"[119.0, 228.0, 383.0, nan]",76.2,"[65.11, 40.28, -18.78, nan]","[nan, nan, nan, nan]",573.0,93.0,38159.0,9.12,True
A461300,아이스크림미디어,"=HYPERLINK(""https://finance.naver.com/item/coinfo.nhn?code=461300"", ""A461300"")","=HYPERLINK(""http://comp.fnguide.com/SVO2/ASP/SVD_Consensus.asp?pGB=1&gicode=A461300&cID=&MenuYn=Y&ReportGB=&NewMenuID=108&stkGb=701"", ""아이스크림미디어"")",3,17100,0.0,4.67,41378,27888,23160,141.98,63.09,35.44,27.79,True,0,3723.0,,,"[2851.0, 2712.0, 3723.0, nan]","[-4.9, 37.3, nan]",0.0,,"[96.1, 35.0, -4.9, 37.3, nan]",0.0,2278.0,42562,"[836.0, 1833.0, 2044.0, nan]",60.8,"[44.11, 23.29, 25.36, nan]","[nan, 4.33, 4.67, nan]",1959.0,618.0,598969.0,8.93,True
A005850,에스엘,"=HYPERLINK(""https://finance.naver.com/item/coinfo.nhn?code=005850"", ""A005850"")","=HYPERLINK(""http://comp.fnguide.com/SVO2/ASP/SVD_Consensus.asp?pGB=1&gicode=A005850&cID=&MenuYn=Y&ReportGB=&NewMenuID=108&stkGb=701"", ""에스엘"")",1,69700,1.36,6.4,78845,66363,61989,13.12,-4.79,-11.06,15.35,True,1,6692.0,8293.0,23.9,"[7223.0, 7930.0, 6692.0, 8293.0]","[9.8, -15.6, 23.9]",4.714148218180969,32.3,"[64.4, 119.6, 9.8, -15.6, 32.3]",34.65043351358115,32375.0,152377,"[19284.0, 22998.0, 25525.0, 27966.0]",62.92,"[18.83, 17.42, 12.81, 14.4]","[4.94, 3.8, 6.4, 8.4]",52399.0,4071.0,393058.0,6.46,True
A071320,지역난방공사,"=HYPERLINK(""https://finance.naver.com/item/coinfo.nhn?code=071320"", ""A071320"")","=HYPERLINK(""http://comp.fnguide.com/SVO2/ASP/SVD_Consensus.asp?pGB=1&gicode=A071320&cID=&MenuYn=Y&ReportGB=&NewMenuID=108&stkGb=701"", ""지역난방공사"")",3,68300,0.63,3.29,228572,212685,207118,234.66,211.4,203.25,12.41,True,0,29268.0,20089.0,-31.4,"[17222.0, 18151.0, 29268.0, 20089.0]","[5.4, 61.2, -31.4]",5.23896978947147,-7.4,"[nan, nan, 5.4, 61.3, -7.4]",0.0,7908.0,9005,"[20885.0, 22671.0, 23014.0, 23397.0]",64.63,"[10.63, 9.65, 14.84, 10.02]","[1.42, 2.28, 3.29, 3.4]",39982.0,5296.0,,6.39,True
A096760,JW홀딩스,"=HYPERLINK(""https://finance.naver.com/item/coinfo.nhn?code=096760"", ""A096760"")","=HYPERLINK(""http://comp.fnguide.com/SVO2/ASP/SVD_Consensus.asp?pGB=1&gicode=A096760&cID=&MenuYn=Y&ReportGB=&NewMenuID=108&stkGb=701"", ""JW홀딩스"")",3,3690,0.0,4.54,9421,6457,5418,155.3,74.98,46.83,26.34,True,0,791.0,,,"[257.0, 847.0, 791.0, nan]","[229.6, -6.6, nan]",0.0,103.9,"[nan, -14.1, 229.1, -6.6, 103.9]",0.0,2728.0,92563,"[1240.0, 2295.0, 2670.0, nan]",52.33,"[16.48, 35.43, 23.57, nan]","[13.56, 3.57, 4.54, nan]",9696.0,1679.0,4734115.0,5.99,True
A094280,효성ITX,"=HYPERLINK(""https://finance.naver.com/item/coinfo.nhn?code=094280"", ""A094280"")","=HYPERLINK(""http://comp.fnguide.com/SVO2/ASP/SVD_Consensus.asp?pGB=1&gicode=A094280&cID=&MenuYn=Y&ReportGB=&NewMenuID=108&stkGb=701"", ""효성ITX"")",1,12170,0.0,10.29,12453,9442,8387,2.33,-22.41,-31.08,19.75,True,0,1243.0,,,"[1173.0, 947.0, 1243.0, nan]","[-19.3, 31.3, nan]",0.0,-21.6,"[3.7, -2.3, -19.3, 31.3, -21.6]",-3.389233288826765,1407.0,14061,"[702.0, 706.0, 751.0, nan]",68.3,"[21.45, 16.71, 21.21, nan]","[10.6, 12.9, 10.29, nan]",5190.0,190.0,519835.0,5.86,True
A067730,로지시스,"=HYPERLINK(""https://finance.naver.com/item/coinfo.nhn?code=067730"", ""A067730"")","=HYPERLINK(""http://comp.fnguide.com/SVO2/ASP/SVD_Consensus.asp?pGB=1&gicode=A067730&cID=&MenuYn=Y&ReportGB=&NewMenuID=108&stkGb=701"", ""로지시스"")",3,2300,0.0,7.8,2680,2409,2313,16.51,4.72,0.59,13.32,True,0,342.0,,,"[53.0, 249.0, 342.0, nan]","[369.8, 37.3, nan]",0.0,7.8,"[-90.2, 152.5, 367.7, 36.9, 7.8]",11.300062294306557,223.0,46659,"[170.0, 187.0, 210.0, nan]",55.01,"[3.03, 13.5, 16.63, nan]","[67.77, 11.28, 7.8, nan]",485.0,29.0,,5.63,True
A010240,흥국,"=HYPERLINK(""https://finance.naver.com/item/coinfo.nhn?code=010240"", ""A010240"")","=HYPERLINK(""http://comp.fnguide.com/SVO2/ASP/SVD_Consensus.asp?pGB=1&gicode=A010240&cID=&MenuYn=Y&ReportGB=&NewMenuID=108&stkGb=701"", ""흥국"")",3,5250,0.0,5.24,10532,10409,10365,100.62,98.26,97.43,11.03,True,0,992.0,,,"[1070.0, 856.0, 992.0, nan]","[-20.0, 15.9, nan]",0.0,64.0,"[-27.9, 54.2, -20.0, 15.9, 64.0]",11.072713525866206,615.0,10371,"[993.0, 1092.0, 1183.0, nan]",53.27,"[13.77, 10.12, 10.73, nan]","[5.54, 6.21, 5.24, nan]",1370.0,149.0,220791.0,5.38,True
A192400,쿠쿠홀딩스,"=HYPERLINK(""https://finance.naver.com/item/coinfo.nhn?code=192400"", ""A192400"")","=HYPERLINK(""http://comp.fnguide.com/SVO2/ASP/SVD_Consensus.asp?pGB=1&gicode=A192400&cID=&MenuYn=Y&ReportGB=&NewMenuID=108&stkGb=701"", ""쿠쿠홀딩스"")",3,24500,0.0,7.08,47008,44621,43784,91.87,82.12,78.71,11.93,True,0,4094.0,,,"[3659.0, 3861.0, 4094.0, nan]","[5.5, 6.0, nan]",0.0,18.1,"[-9.8, 11.5, 5.5, 6.0, 18.1]",5.84197264666475,8713.0,23454,"[10777.0, 11964.0, 13217.0, nan]",64.86,"[12.72, 12.08, 11.56, nan]","[4.48, 5.96, 7.08, nan]",9209.0,1140.0,4483800.0,5.34,True
A003780,진양산업,"=HYPERLINK(""https://finance.naver.com/item/coinfo.nhn?code=003780"", ""A003780"")","=HYPERLINK(""http://comp.fnguide.com/SVO2/ASP/SVD_Consensus.asp?pGB=1&gicode=A003780&cID=&MenuYn=Y&ReportGB=&NewMenuID=108&stkGb=701"", ""진양산업"")",3,4785,0.0,12.61,6419,5749,5514,34.14,20.14,15.24,13.42,False,0,534.0,,,"[654.0, 773.0, 534.0, nan]","[18.2, -30.9, nan]",0.0,-9.4,"[-1.0, 38.5, 18.2, -30.9, -9.4]",0.2909483277879321,622.0,1105604,"[570.0, 644.0, 671.0, nan]",51.21,"[15.7, 16.55, 10.57, nan]","[10.53, 11.19, 12.61, nan]",907.0,84.0,,5.31,True
A036030,케이티알파,"=HYPERLINK(""https://finance.naver.com/item/coinfo.nhn?code=036030"", ""A036030"")","=HYPERLINK(""http://comp.fnguide.com/SVO2/ASP/SVD_Consensus.asp?pGB=1&gicode=A036030&cID=&MenuYn=Y&ReportGB=&NewMenuID=108&stkGb=701"", ""케이티알파"")",3,4530,0.0,6.11,6580,6368,6294,45.25,40.58,38.95,11.48,True,0,890.0,,,"[332.0, 401.0, 890.0, nan]","[20.8, 121.9, nan]",0.0,5.6,"[nan, 140.2, 20.9, 121.8, 5.6]",0.0,2221.0,69110,"[2443.0, 2613.0, 3031.0, nan]",72.97,"[6.92, 7.78, 15.47, nan]","[18.05, 8.77, 6.11, nan]",3959.0,442.0,142.0,5.15,True
A284740,쿠쿠홈시스,"=HYPERLINK(""https://finance.naver.com/item/coinfo.nhn?code=284740"", ""A284740"")","=HYPERLINK(""http://comp.fnguide.com/SVO2/ASP/SVD_Consensus.asp?pGB=1&gicode=A284740&cID=&MenuYn=Y&ReportGB=&NewMenuID=108&stkGb=701"", ""쿠쿠홈시스"")",3,21800,0.0,4.52,58824,53254,51302,169.84,144.28,135.33,13.12,True,0,5327.0,,,"[4990.0, 5662.0, 5327.0, nan]","[13.5, -5.9, nan]",0.0,14.2,"[0.7, -2.4, 13.5, -5.9, 14.2]",3.692220670123847,4891.0,13317,"[8069.0, 9584.0, 10846.0, nan]",70.09,"[14.85, 14.39, 11.7, nan]","[4.3, 3.65, 4.52, nan]",11213.0,1694.0,14950.0,4.99,True
A023760,한국캐피탈,"=HYPERLINK(""https://finance.naver.com/item/coinfo.nhn?code=023760"", ""A023760"")","=HYPERLINK(""http://comp.fnguide.com/SVO2/ASP/SVD_Consensus.asp?pGB=1&gicode=A023760&cID=&MenuYn=Y&ReportGB=&NewMenuID=108&stkGb=701"", ""한국캐피탈"")",3,750,0.0,2.52,2973,2673,2568,296.45,256.43,242.4,13.31,False,0,319.0,,,"[210.0, 257.0, 319.0, nan]","[22.4, 24.1, nan]",0.0,,[],27.902610258497695,2367.0,304907,"[6120.0, 6737.0, 7541.0, nan]",80.5,"[12.39, 12.62, 14.08, nan]","[2.8, 2.13, 2.52, nan]",1747.0,1279.0,2719001.0,4.98,True
A111380,동인기연,"=HYPERLINK(""https://finance.naver.com/item/coinfo.nhn?code=111380"", ""A111380"")","=HYPERLINK(""http://comp.fnguide.com/SVO2/ASP/SVD_Consensus.asp?pGB=1&gicode=A111380&cID=&MenuYn=Y&ReportGB=&NewMenuID=108&stkGb=701"", ""동인기연"")",3,13050,-2.24,7.3,27786,26667,26275,112.92,104.35,101.34,11.67,True,1,1880.0,3585.0,90.7,"[3960.0, 2836.0, 1880.0, 3585.0]","[-28.4, -33.7, 90.7]",-3.263044631396139,353.3,"[92.9, -30.1, -28.4, -33.7, 353.3]",23.74405249548861,800.0,7656,"[1318.0, 1486.0, 1522.0, 1687.0]",68.52,"[22.27, 12.39, 7.66, 13.69]","[5.37, 6.44, 7.3, 3.64]",2441.0,226.0,202778.0,4.95,True
A134380,미원화학,"=HYPERLINK(""https://finance.naver.com/item/coinfo.nhn?code=134380"", ""A134380"")","=HYPERLINK(""http://comp.fnguide.com/SVO2/ASP/SVD_Consensus.asp?pGB=1&gicode=A134380&cID=&MenuYn=Y&ReportGB=&NewMenuID=108&stkGb=701"", ""미원화학"")",2,10400,0.0,8.25,13139,10909,10128,26.34,4.9,-2.62,15.83,False,0,1124.0,,,"[992.0, 1225.0, 1124.0, nan]","[23.5, -8.2, nan]",0.0,45.9,"[43.3, 34.2, 23.5, -8.2, 45.9]",26.041257485914837,2287.0,3754,"[1445.0, 1624.0, 1736.0, nan]",55.34,"[15.74, 17.55, 14.72, nan]","[7.18, 6.44, 8.25, nan]",2845.0,292.0,2605150.0,4.85,True
A194370,제이에스코퍼레이션,"=HYPERLINK(""https://finance.naver.com/item/coinfo.nhn?code=194370"", ""A194370"")","=HYPERLINK(""http://comp.fnguide.com/SVO2/ASP/SVD_Consensus.asp?pGB=1&gicode=A194370&cID=&MenuYn=Y&ReportGB=&NewMenuID=108&stkGb=701"", ""제이에스코퍼레이션"")",3,10400,-0.98,4.86,36068,26533,23192,246.81,155.13,123.0,21.41,True,1,2638.0,3536.0,34.0,"[4116.0, 3561.0, 2638.0, 3536.0]","[-13.5, -25.9, 34.0]",-4.943962885357611,-3.0,"[33.8, 69.9, -13.5, -25.9, -3.0]",7.164541059792895,3018.0,128174,"[3581.0, 4743.0, 5274.0, 6126.0]",56.18,"[35.78, 23.41, 15.29, 18.0]","[2.1, 1.99, 4.86, 2.94]",12882.0,1405.0,,4.68,True
A067280,멀티캠퍼스,"=HYPERLINK(""https://finance.naver.com/item/coinfo.nhn?code=067280"", ""A067280"")","=HYPERLINK(""http://comp.fnguide.com/SVO2/ASP/SVD_Consensus.asp?pGB=1&gicode=A067280&cID=&MenuYn=Y&ReportGB=&NewMenuID=108&stkGb=701"", ""멀티캠퍼스"")",3,24750,0.0,7.02,49771,43973,41941,101.09,77.67,69.46,13.81,False,0,4417.0,,,"[5316.0, 5242.0, 4417.0, nan]","[-1.4, -15.7, nan]",0.0,-68.0,"[48.5, 4.1, -1.4, -15.7, -68.0]",-16.284412339779276,1467.0,11637,"[1936.0, 2163.0, 2305.0, nan]",62.46,"[17.37, 15.16, 11.72, nan]","[6.41, 5.7, 7.02, nan]",3308.0,319.0,,4.35,True
A353810,이지바이오,"=HYPERLINK(""https://finance.naver.com/item/coinfo.nhn?code=353810"", ""A353810"")","=HYPERLINK(""http://comp.fnguide.com/SVO2/ASP/SVD_Consensus.asp?pGB=1&gicode=A353810&cID=&MenuYn=Y&ReportGB=&NewMenuID=108&stkGb=701"", ""이지바이오"")",1,6340,0.17,6.97,8418,5659,4692,32.78,-10.74,-25.99,28.03,True,3,834.0,1251.0,50.0,"[455.0, 573.0, 834.0, 1251.0]","[25.9, 45.5, 50.0]",40.064043827556816,107.5,"[-16.0, 70.2, 26.1, 45.4, 107.5]",40.316029550348546,2097.0,154556,"[628.0, 840.0, 1072.0, 1295.0]",51.53,"[27.57, 26.72, 29.06, 34.98]","[7.96, 7.34, 6.97, 5.07]",4769.0,450.0,,4.3,True
A090850,현대이지웰,"=HYPERLINK(""https://finance.naver.com/item/coinfo.nhn?code=090850"", ""A090850"")","=HYPERLINK(""http://comp.fnguide.com/SVO2/ASP/SVD_Consensus.asp?pGB=1&gicode=A090850&cID=&MenuYn=Y&ReportGB=&NewMenuID=108&stkGb=701"", ""현대이지웰"")",3,5470,0.0,5.09,7176,5943,5511,31.19,8.65,0.75,15.92,True,0,1011.0,,,"[-22.0, 502.0, 1011.0, nan]","[-2381.8, 101.4, nan]",0.0,-20.8,"[-1.5, nan, nan, 101.3, -20.8]",0.0,1230.0,34194,"[875.0, 973.0, 1093.0, nan]",52.82,"[-0.59, 12.91, 23.24, nan]","[nan, 10.34, 5.09, nan]",1426.0,242.0,,4.28,True
A007340,DN오토모티브,"=HYPERLINK(""https://finance.naver.com/item/coinfo.nhn?code=007340"", ""A007340"")","=HYPERLINK(""http://comp.fnguide.com/SVO2/ASP/SVD_Consensus.asp?pGB=1&gicode=A007340&cID=&MenuYn=Y&ReportGB=&NewMenuID=108&stkGb=701"", ""DN오토모티브"")",3,41250,-1.58,5.07,67034,51977,46700,62.51,26.0,13.21,18.65,True,1,4809.0,4985.0,3.7,"[5499.0, 5383.0, 4809.0, 4985.0]","[-2.1, -10.7, 3.7]",-3.2158361587209416,14.0,"[123.8, 51.9, -2.1, -10.7, 14.0]",27.64134493043462,24136.0,172858,"[11393.0, 17416.0, 20073.0, 22766.0]",52.16,"[27.29, 19.78, 15.02, 13.62]","[2.66, 3.41, 5.07, 8.27]",36757.0,5279.0,6748595.0,4.1,True
A010770,평화홀딩스,"=HYPERLINK(""https://finance.naver.com/item/coinfo.nhn?code=010770"", ""A010770"")","=HYPERLINK(""http://comp.fnguide.com/SVO2/ASP/SVD_Consensus.asp?pGB=1&gicode=A010770&cID=&MenuYn=Y&ReportGB=&NewMenuID=108&stkGb=701"", ""평화홀딩스"")",3,4180,0.0,1.6,14314,11404,10385,242.43,172.83,148.44,17.44,True,0,2375.0,,,"[560.0, 107.0, 2375.0, nan]","[-80.9, 2119.6, nan]",0.0,219.6,"[nan, nan, -80.9, 2125.4, 219.6]",0.0,611.0,84255,"[1042.0, 954.0, 1274.0, nan]",52.07,"[8.0, 1.56, 31.18, nan]","[5.76, 23.66, 1.6, nan]",8837.0,349.0,236505.0,3.96,True
A383220,F&F,"=HYPERLINK(""https://finance.naver.com/item/coinfo.nhn?code=383220"", ""A383220"")","=HYPERLINK(""http://comp.fnguide.com/SVO2/ASP/SVD_Consensus.asp?pGB=1&gicode=A383220&cID=&MenuYn=Y&ReportGB=&NewMenuID=108&stkGb=701"", ""F&F"")",2,73700,1.38,6.58,122676,84013,70463,66.45,13.99,-4.39,26.41,True,2,10404.0,12759.0,22.6,"[11096.0, 9408.0, 10404.0, 12759.0]","[-15.2, 10.6, 22.6]",4.764420841997374,138.0,"[95.7, -3.8, -15.2, 10.6, 138.0]",33.259680228602996,28232.0,122773,"[12905.0, 15622.0, 18787.0, 22661.0]",62.82,"[38.43, 25.27, 23.16, 23.58]","[8.04, 5.77, 6.58, 5.78]",19340.0,4686.0,825501.0,3.94,True
A025770,한국정보통신,"=HYPERLINK(""https://finance.naver.com/item/coinfo.nhn?code=025770"", ""A025770"")","=HYPERLINK(""http://comp.fnguide.com/SVO2/ASP/SVD_Consensus.asp?pGB=1&gicode=A025770&cID=&MenuYn=Y&ReportGB=&NewMenuID=108&stkGb=701"", ""한국정보통신"")",3,7920,0.0,7.84,11224,10334,10023,41.72,30.48,26.55,12.68,True,0,978.0,,,"[804.0, 1164.0, 978.0, nan]","[44.8, -16.0, nan]",0.0,0.8,"[102.6, 37.8, 44.8, -16.0, 0.8]",27.902610258497695,2966.0,246066,"[2712.0, 3064.0, 3358.0, nan]",82.99,"[11.67, 15.09, 11.4, nan]","[11.81, 6.74, 7.84, nan]",8363.0,452.0,2299077.0,3.79,True
A408920,메쎄이상,"=HYPERLINK(""https://finance.naver.com/item/coinfo.nhn?code=408920"", ""A408920"")","=HYPERLINK(""http://comp.fnguide.com/SVO2/ASP/SVD_Consensus.asp?pGB=1&gicode=A408920&cID=&MenuYn=Y&ReportGB=&NewMenuID=108&stkGb=701"", ""메쎄이상"")",1,3105,0.0,8.95,3327,2554,2283,7.16,-17.73,-26.46,19.13,False,0,359.0,,,"[123.0, 313.0, 359.0, nan]","[154.5, 14.7, nan]",0.0,63.3,"[70.1, -24.7, 154.2, 14.4, 63.3]",43.48860356451303,1342.0,33991,"[592.0, 696.0, 795.0, nan]",82.34,"[10.33, 21.04, 20.79, nan]","[19.38, 6.32, 8.95, nan]",728.0,190.0,872251.0,3.74,True
A092460,한라IMS,"=HYPERLINK(""https://finance.naver.com/item/coinfo.nhn?code=092460"", ""A092460"")","=HYPERLINK(""http://comp.fnguide.com/SVO2/ASP/SVD_Consensus.asp?pGB=1&gicode=A092460&cID=&MenuYn=Y&ReportGB=&NewMenuID=108&stkGb=701"", ""한라IMS"")",1,19430,0.0,11.41,20258,15651,14037,4.26,-19.45,-27.76,18.82,True,0,1490.0,,,"[4130.0, 802.0, 1490.0, nan]","[-80.6, 85.8, nan]",0.0,17.7,"[99.4, 788.2, -80.6, 85.8, 17.7]",49.68282290974844,3324.0,118231,"[1623.0, 1717.0, 1987.0, nan]",55.47,"[55.21, 8.22, 13.76, nan]","[1.61, 10.16, 11.41, nan]",1335.0,223.0,,3.65,True
A005440,현대지에프홀딩스,"=HYPERLINK(""https://finance.naver.com/item/coinfo.nhn?code=005440"", ""A005440"")","=HYPERLINK(""http://comp.fnguide.com/SVO2/ASP/SVD_Consensus.asp?pGB=1&gicode=A005440&cID=&MenuYn=Y&ReportGB=&NewMenuID=108&stkGb=701"", ""현대지에프홀딩스"")",3,12640,-0.07,3.15,52429,38469,33577,314.79,204.35,165.64,21.56,True,0,2643.0,1987.0,-24.8,"[11200.0, 4483.0, 2643.0, 1987.0]","[-60.0, -41.0, -24.8]",-43.803412018040454,-47.4,"[35.3, 1760.9, -60.0, -41.1, -47.4]",25.55568232876848,19706.0,193175,"[27025.0, 33698.0, 40001.0, 42700.0]",77.15,"[49.81, 23.02, 11.18, 7.49]","[0.32, 1.09, 3.15, 6.36]",80916.0,2741.0,3420585.0,3.61,True
A035150,백산,"=HYPERLINK(""https://finance.naver.com/item/coinfo.nhn?code=035150"", ""A035150"")","=HYPERLINK(""http://comp.fnguide.com/SVO2/ASP/SVD_Consensus.asp?pGB=1&gicode=A035150&cID=&MenuYn=Y&ReportGB=&NewMenuID=108&stkGb=701"", ""백산"")",3,10270,0.86,8.21,23039,17696,15823,124.34,72.31,54.07,19.11,False,1,1590.0,2365.0,48.7,"[1798.0, 2757.0, 1590.0, 2365.0]","[53.3, -42.3, 48.7]",9.566127485011865,2.0,"[136.3, -3.9, 53.3, -42.3, 2.0]",15.425310052279828,2057.0,23016,"[2061.0, 2481.0, 2586.0, nan]",61.23,"[21.47, 26.75, 13.22, 18.41]","[5.92, 4.77, 8.21, 4.34]",5049.0,536.0,154908.0,3.45,True
A071200,인피니트헬스케어,"=HYPERLINK(""https://finance.naver.com/item/coinfo.nhn?code=071200"", ""A071200"")","=HYPERLINK(""http://comp.fnguide.com/SVO2/ASP/SVD_Consensus.asp?pGB=1&gicode=A071200&cID=&MenuYn=Y&ReportGB=&NewMenuID=108&stkGb=701"", ""인피니트헬스케어"")",3,7290,0.0,5.5,13090,10305,9329,79.56,41.36,27.97,17.96,True,0,1082.0,,,"[675.0, 1549.0, 1082.0, nan]","[129.5, -30.1, nan]",0.0,,"[-99.4, 12411.0, 129.6, -30.1, nan]",0.0,1779.0,46784,"[1314.0, 1685.0, 1917.0, nan]",50.6,"[13.36, 25.21, 14.66, nan]","[7.78, 2.72, 5.5, nan]",1024.0,142.0,20005.0,3.36,True
A332370,아이디피,"=HYPERLINK(""https://finance.naver.com/item/coinfo.nhn?code=332370"", ""A332370"")","=HYPERLINK(""http://comp.fnguide.com/SVO2/ASP/SVD_Consensus.asp?pGB=1&gicode=A332370&cID=&MenuYn=Y&ReportGB=&NewMenuID=108&stkGb=701"", ""아이디피"")",3,5100,0.27,6.55,8752,7173,6619,71.62,40.64,29.78,16.32,False,1,776.0,859.0,10.7,"[451.0, 864.0, 776.0, 859.0]","[91.6, -10.2, 10.7]",23.957598579272755,60.8,"[142.7, -42.1, 91.6, -10.2, 60.8]",31.20223861519731,677.0,43373,"[542.0, 623.0, 690.0, 792.0]",58.92,"[11.42, 19.69, 15.7, 15.39]","[7.54, 4.27, 6.55, 5.94]",491.0,109.0,1352282.0,3.35,True
A015760,한국전력,"=HYPERLINK(""https://finance.naver.com/item/coinfo.nhn?code=015760"", ""A015760"")","=HYPERLINK(""http://comp.fnguide.com/SVO2/ASP/SVD_Consensus.asp?pGB=1&gicode=A015760&cID=&MenuYn=Y&ReportGB=&NewMenuID=108&stkGb=701"", ""한국전력"")",3,38100,0.0,3.55,88828,81478,78902,133.14,113.85,107.09,12.77,True,0,13311.0,8903.0,-33.1,"[-7512.0, 5439.0, 13311.0, 8903.0]","[-172.4, 144.7, -33.1]",0.0,7.1,"[nan, nan, nan, 144.7, 7.1]",0.0,244588.0,2208549,"[358450.0, 399152.0, 481699.0, 528257.0]",51.11,"[-12.63, 9.22, 19.4, 11.32]","[nan, 3.69, 3.55, 4.28]",974293.0,134906.0,,3.27,True
A009770,삼정펄프,"=HYPERLINK(""https://finance.naver.com/item/coinfo.nhn?code=009770"", ""A009770"")","=HYPERLINK(""http://comp.fnguide.com/SVO2/ASP/SVD_Consensus.asp?pGB=1&gicode=A009770&cID=&MenuYn=Y&ReportGB=&NewMenuID=108&stkGb=701"", ""삼정펄프"")",3,26250,0.0,2.48,127782,120864,118440,386.79,360.44,351.2,12.01,False,0,12556.0,,,"[5241.0, 15182.0, 12556.0, nan]","[189.7, -17.3, nan]",0.0,,"[nan, nan, 189.7, -17.3, nan]",0.0,656.0,1041,"[2233.0, 2583.0, 2870.0, nan]",73.93,"[6.01, 15.76, 11.51, nan]","[4.76, 1.69, 2.48, nan]",1486.0,-14.0,,3.22,True
A035890,서희건설,"=HYPERLINK(""https://finance.naver.com/item/coinfo.nhn?code=035890"", ""A035890"")","=HYPERLINK(""http://comp.fnguide.com/SVO2/ASP/SVD_Consensus.asp?pGB=1&gicode=A035890&cID=&MenuYn=Y&ReportGB=&NewMenuID=108&stkGb=701"", ""서희건설"")",3,2230,0.0,6.03,8005,6854,6451,258.95,207.36,189.28,14.78,True,0,530.0,,,"[615.0, 698.0, 530.0, nan]","[13.5, -24.1, nan]",0.0,11.4,"[-32.4, 44.2, 13.4, -24.0, 11.4]",-1.3164512323355249,5125.0,1173356,"[8438.0, 9747.0, 10836.0, nan]",59.84,"[17.85, 17.64, 11.84, nan]","[4.39, 4.51, 6.03, nan]",11001.0,1444.0,44439842.0,3.13,True
A032190,다우데이타,"=HYPERLINK(""https://finance.naver.com/item/coinfo.nhn?code=032190"", ""A032190"")","=HYPERLINK(""http://comp.fnguide.com/SVO2/ASP/SVD_Consensus.asp?pGB=1&gicode=A032190&cID=&MenuYn=Y&ReportGB=&NewMenuID=108&stkGb=701"", ""다우데이타"")",3,19330,0.0,3.22,49159,45369,44041,154.31,134.71,127.84,12.62,True,0,5713.0,,,"[1660.0, 4290.0, 5713.0, nan]","[158.4, 33.2, nan]",0.0,82.4,"[38.6, -68.8, 158.5, 33.2, 82.4]",22.11850701721445,7403.0,113349,"[11797.0, 13555.0, 16104.0, nan]",63.29,"[5.49, 12.96, 14.76, nan]","[8.3, 2.37, 3.22, nan]",180520.0,15999.0,,2.99,True
A008260,NI스틸,"=HYPERLINK(""https://finance.naver.com/item/coinfo.nhn?code=008260"", ""A008260"")","=HYPERLINK(""http://comp.fnguide.com/SVO2/ASP/SVD_Consensus.asp?pGB=1&gicode=A008260&cID=&MenuYn=Y&ReportGB=&NewMenuID=108&stkGb=701"", ""NI스틸"")",3,3035,0.0,5.28,9853,9713,9663,224.65,220.02,218.4,11.09,True,0,663.0,,,"[1756.0, 899.0, 663.0, nan]","[-48.8, -26.3, nan]",0.0,-2.0,"[121.2, 2.9, -48.8, -26.2, -2.0]",-3.361411245299306,868.0,59095,"[2342.0, 2545.0, 2703.0, nan]",59.0,"[23.77, 10.53, 7.23, nan]","[3.42, 3.89, 5.28, nan]",2479.0,301.0,412813.0,2.86,True
A472850,폰드그룹,"=HYPERLINK(""https://finance.naver.com/item/coinfo.nhn?code=472850"", ""A472850"")","=HYPERLINK(""http://comp.fnguide.com/SVO2/ASP/SVD_Consensus.asp?pGB=1&gicode=A472850&cID=&MenuYn=Y&ReportGB=&NewMenuID=108&stkGb=701"", ""폰드그룹"")",2,4230,0.0,9.44,4504,4274,4194,6.48,1.05,-0.86,11.93,True,0,600.0,,,"[4.0, 437.0, 600.0, nan]","[10825.0, 37.3, nan]",0.0,34.9,"[nan, nan, 10487.9, 37.1, 34.9]",0.0,2435.0,67854,"[1872.0, 2121.0, 2344.0, nan]",76.45,"[nan, 12.61, 15.46, nan]","[nan, 6.73, 9.44, nan]",4856.0,574.0,17956.0,2.78,True
A019010,베뉴지,"=HYPERLINK(""https://finance.naver.com/item/coinfo.nhn?code=019010"", ""A019010"")","=HYPERLINK(""http://comp.fnguide.com/SVO2/ASP/SVD_Consensus.asp?pGB=1&gicode=A019010&cID=&MenuYn=Y&ReportGB=&NewMenuID=108&stkGb=701"", ""베뉴지"")",3,5150,0.0,1.38,12897,11202,10608,150.42,117.51,105.98,14.32,True,0,1945.0,,,"[285.0, -262.0, 1945.0, nan]","[-191.9, -842.4, nan]",0.0,510.8,"[nan, nan, nan, nan, 510.8]",0.0,2482.0,124495,"[3142.0, 2996.0, 3906.0, nan]",51.96,"[4.45, -4.11, 27.16, nan]","[7.33, nan, 1.38, nan]",482.0,150.0,8000000.0,2.61,True
A003480,한진중공업홀딩스,"=HYPERLINK(""https://finance.naver.com/item/coinfo.nhn?code=003480"", ""A003480"")","=HYPERLINK(""http://comp.fnguide.com/SVO2/ASP/SVD_Consensus.asp?pGB=1&gicode=A003480&cID=&MenuYn=Y&ReportGB=&NewMenuID=108&stkGb=701"", ""한진중공업홀딩스"")",3,4910,0.0,2.33,19947,18400,17859,306.24,274.75,263.72,12.63,True,0,2001.0,,,"[256.0, 1915.0, 2001.0, nan]","[648.0, 4.5, nan]",0.0,26.1,"[nan, -48.5, 647.3, 4.5, 26.1]",0.0,1450.0,79513,"[3404.0, 3889.0, 4447.0, nan]",50.48,"[2.22, 15.5, 14.18, nan]","[12.55, 1.92, 2.33, nan]",12017.0,733.0,3440308.0,2.58,True
A111770,영원무역,"=HYPERLINK(""https://finance.naver.com/item/coinfo.nhn?code=111770"", ""A111770"")","=HYPERLINK(""http://comp.fnguide.com/SVO2/ASP/SVD_Consensus.asp?pGB=1&gicode=A111770&cID=&MenuYn=Y&ReportGB=&NewMenuID=108&stkGb=701"", ""영원무역"")",3,79800,1.73,7.36,118298,106497,102362,48.24,33.46,28.27,13.28,True,2,11109.0,13181.0,18.7,"[11644.0, 9637.0, 11109.0, 13181.0]","[-17.2, 15.3, 18.7]",4.256575193862466,68.9,"[126.3, -23.5, -17.2, 15.3, 68.9]",22.79114711174488,35361.0,61541,"[32467.0, 36867.0, 40923.0, 45983.0]",50.75,"[17.03, 12.32, 12.66, 13.44]","[3.92, 4.4, 7.36, 6.05]",40636.0,5144.0,1751356.0,2.57,True
A378850,화승알앤에이,"=HYPERLINK(""https://finance.naver.com/item/coinfo.nhn?code=378850"", ""A378850"")","=HYPERLINK(""http://comp.fnguide.com/SVO2/ASP/SVD_Consensus.asp?pGB=1&gicode=A378850&cID=&MenuYn=Y&ReportGB=&NewMenuID=108&stkGb=701"", ""화승알앤에이"")",3,3195,0.0,3.41,14578,11493,10412,356.28,259.71,225.87,17.9,True,0,960.0,,,"[1275.0, 1707.0, 960.0, nan]","[33.9, -43.8, nan]",0.0,115.5,"[52.7, 90.9, 33.9, -43.8, 115.5]",36.43375321972242,607.0,65518,"[1125.0, 1505.0, 1669.0, nan]",55.97,"[23.6, 24.66, 11.49, nan]","[3.25, 1.76, 3.41, nan]",7146.0,271.0,2837.0,2.29,True
A268280,미원에스씨,"=HYPERLINK(""https://finance.naver.com/item/coinfo.nhn?code=268280"", ""A268280"")","=HYPERLINK(""http://comp.fnguide.com/SVO2/ASP/SVD_Consensus.asp?pGB=1&gicode=A268280&cID=&MenuYn=Y&ReportGB=&NewMenuID=108&stkGb=701"", ""미원에스씨"")",3,96200,0.0,11.44,109317,100705,97688,13.63,4.68,1.55,12.66,False,0,12261.0,,,"[3681.0, 10913.0, 12261.0, nan]","[196.5, 12.4, nan]",0.0,31.2,"[-18.9, -71.0, 196.5, 12.3, 31.2]",0.5429047728179759,4810.0,1693,"[3731.0, 4063.0, 4485.0, nan]",73.54,"[4.95, 14.0, 14.34, nan]","[37.33, 13.71, 11.44, nan]",5321.0,655.0,185569.0,2.28,True
A212560,네오오토,"=HYPERLINK(""https://finance.naver.com/item/coinfo.nhn?code=212560"", ""A212560"")","=HYPERLINK(""http://comp.fnguide.com/SVO2/ASP/SVD_Consensus.asp?pGB=1&gicode=A212560&cID=&MenuYn=Y&ReportGB=&NewMenuID=108&stkGb=701"", ""네오오토"")",3,10710,0.0,7.02,13738,12625,12235,28.28,17.88,14.24,12.72,True,0,1260.0,,,"[1009.0, 1500.0, 1260.0, nan]","[48.7, -16.0, nan]",0.0,17.5,"[19.5, 51.9, 48.6, -16.0, 17.5]",21.633254802330026,1265.0,201880,"[1078.0, 1241.0, 1376.0, nan]",51.18,"[11.65, 15.28, 11.38, nan]","[6.22, 3.49, 7.02, nan]",2321.0,137.0,406.0,2.26,True
A317450,명인제약,"=HYPERLINK(""https://finance.naver.com/item/coinfo.nhn?code=317450"", ""A317450"")","=HYPERLINK(""http://comp.fnguide.com/SVO2/ASP/SVD_Consensus.asp?pGB=1&gicode=A317450&cID=&MenuYn=Y&ReportGB=&NewMenuID=108&stkGb=701"", ""명인제약"")",3,44100,0.0,10.26,67934,60727,58202,54.05,37.7,31.98,13.47,True,0,6718.0,,,"[6653.0, 6131.0, 6718.0, nan]","[-7.8, 9.6, nan]",0.0,-6.4,"[-3.9, 29.7, -7.8, 9.6, -6.4]",3.3465867204580446,6439.0,15938,"[4723.0, 5318.0, 7944.0, nan]",73.47,"[16.63, 13.68, 12.28, nan]","[nan, nan, 10.26, nan]",2873.0,925.0,,2.18,True
A066620,국보디자인,"=HYPERLINK(""https://finance.naver.com/item/coinfo.nhn?code=066620"", ""A066620"")","=HYPERLINK(""http://comp.fnguide.com/SVO2/ASP/SVD_Consensus.asp?pGB=1&gicode=A066620&cID=&MenuYn=Y&ReportGB=&NewMenuID=108&stkGb=701"", ""국보디자인"")",3,25850,0.0,4.42,65198,55962,52726,152.22,116.49,103.97,14.7,True,0,5293.0,,,"[3685.0, 5430.0, 5293.0, nan]","[47.4, -2.5, nan]",0.0,78.1,"[6.8, 32.4, 47.4, -2.5, 78.1]",29.337675470450876,1939.0,11441,"[2105.0, 2798.0, 3239.0, nan]",53.11,"[15.51, 16.61, 13.15, nan]","[3.87, 3.32, 4.42, nan]",4389.0,458.0,733339.0,2.14,True
A136490,선진,"=HYPERLINK(""https://finance.naver.com/item/coinfo.nhn?code=136490"", ""A136490"")","=HYPERLINK(""http://comp.fnguide.com/SVO2/ASP/SVD_Consensus.asp?pGB=1&gicode=A136490&cID=&MenuYn=Y&ReportGB=&NewMenuID=108&stkGb=701"", ""선진"")",3,9730,0.0,1.94,27887,25645,24860,186.61,163.57,155.49,12.71,True,0,5002.0,,,"[585.0, 230.0, 5002.0, nan]","[-60.7, 2074.8, nan]",0.0,-14.2,"[-27.5, -40.0, -60.7, 2073.0, -14.2]",26.091486390025985,2314.0,77622,"[4301.0, 4493.0, 5631.0, nan]",50.06,"[3.26, 1.24, 23.5, nan]","[11.31, 24.5, 1.94, nan]",18957.0,1792.0,396.0,2.06,True
A010690,화신,"=HYPERLINK(""https://finance.naver.com/item/coinfo.nhn?code=010690"", ""A010690"")","=HYPERLINK(""http://comp.fnguide.com/SVO2/ASP/SVD_Consensus.asp?pGB=1&gicode=A010690&cID=&MenuYn=Y&ReportGB=&NewMenuID=108&stkGb=701"", ""화신"")",3,9360,0.99,4.35,19883,18050,17408,112.43,92.85,85.98,13.05,True,2,1910.0,2520.0,31.9,"[2213.0, 1534.0, 1910.0, 2520.0]","[-30.7, 24.5, 31.9]",4.403676875390561,-2.8,"[204.4, 4.1, -30.7, 24.5, -2.8]",21.588596583096887,3269.0,223327,"[4451.0, 5175.0, 5714.0, 6520.0]",50.41,"[19.27, 11.13, 12.25, 14.39]","[6.18, 4.45, 4.35, 3.71]",19625.0,1024.0,171969.0,2.05,True
A200880,서연이화,"=HYPERLINK(""https://finance.naver.com/item/coinfo.nhn?code=200880"", ""A200880"")","=HYPERLINK(""http://comp.fnguide.com/SVO2/ASP/SVD_Consensus.asp?pGB=1&gicode=A200880&cID=&MenuYn=Y&ReportGB=&NewMenuID=108&stkGb=701"", ""서연이화"")",3,12410,0.0,5.86,43697,43511,43446,252.11,250.61,250.09,10.88,True,0,2220.0,,,"[5837.0, 5450.0, 2220.0, nan]","[-6.6, -59.3, nan]",0.0,188.2,"[111.8, 183.4, -6.6, -59.3, 188.2]",45.74451277669227,3354.0,88276,"[8816.0, 10998.0, 11714.0, nan]",57.06,"[19.68, 14.87, 5.28, nan]","[3.29, 2.16, 5.86, nan]",45053.0,1618.0,5686.0,1.92,True
A465480,인스피언,"=HYPERLINK(""https://finance.naver.com/item/coinfo.nhn?code=465480"", ""A465480"")","=HYPERLINK(""http://comp.fnguide.com/SVO2/ASP/SVD_Consensus.asp?pGB=1&gicode=A465480&cID=&MenuYn=Y&ReportGB=&NewMenuID=108&stkGb=701"", ""인스피언"")",3,4490,0.0,20.04,6224,6014,5941,38.62,33.94,32.31,11.52,True,0,264.0,,,"[668.0, 507.0, 264.0, nan]","[-24.1, -47.9, nan]",0.0,-7.3,"[nan, 81.5, -24.2, -39.3, -7.3]",0.0,455.0,60573,"[189.0, 527.0, 560.0, nan]",72.66,"[30.83, 11.76, 4.92, nan]","[nan, 15.0, 20.04, nan]",200.0,26.0,532733.0,1.89,True
A031440,신세계푸드,"=HYPERLINK(""https://finance.naver.com/item/coinfo.nhn?code=031440"", ""A031440"")","=HYPERLINK(""http://comp.fnguide.com/SVO2/ASP/SVD_Consensus.asp?pGB=1&gicode=A031440&cID=&MenuYn=Y&ReportGB=&NewMenuID=108&stkGb=701"", ""신세계푸드"")",3,44750,0.0,2.4,126102,111655,106592,181.79,149.51,138.19,13.74,True,0,19939.0,,,"[2749.0, 2892.0, 19939.0, nan]","[5.2, 589.5, nan]",0.0,-23.3,"[nan, nan, 5.2, 589.5, -23.3]",0.0,1733.0,16247,"[2899.0, 2935.0, 3579.0, nan]",66.46,"[3.66, 3.84, 23.71, nan]","[14.35, 12.45, 2.4, nan]",12332.0,48.0,257029.0,1.88,True
A336680,탑런토탈솔루션,"=HYPERLINK(""https://finance.naver.com/item/coinfo.nhn?code=336680"", ""A336680"")","=HYPERLINK(""http://comp.fnguide.com/SVO2/ASP/SVD_Consensus.asp?pGB=1&gicode=A336680&cID=&MenuYn=Y&ReportGB=&NewMenuID=108&stkGb=701"", ""탑런토탈솔루션"")",3,3060,0.0,23.91,4888,4765,4722,59.73,55.71,54.3,11.33,False,0,169.0,,,"[781.0, 569.0, 169.0, nan]","[-27.1, -70.3, nan]",0.0,,"[nan, 526.6, -27.1, -70.3, nan]",0.0,1198.0,39466,"[921.0, 1815.0, 1823.0, nan]",74.13,"[27.95, 14.54, 3.64, nan]","[nan, 8.65, 23.91, nan]",5501.0,89.0,,1.85,True
A005710,대원산업,"=HYPERLINK(""https://finance.naver.com/item/coinfo.nhn?code=005710"", ""A005710"")","=HYPERLINK(""http://comp.fnguide.com/SVO2/ASP/SVD_Consensus.asp?pGB=1&gicode=A005710&cID=&MenuYn=Y&ReportGB=&NewMenuID=108&stkGb=701"", ""대원산업"")",3,10230,0.0,3.69,36330,32514,31177,255.13,217.83,204.76,13.44,True,0,3836.0,,,"[1784.0, 3624.0, 3836.0, nan]","[103.1, 5.8, nan]",0.0,-23.9,"[15.0, -5.1, 103.2, 5.9, -23.9]",12.313943099994962,2050.0,10342,"[4458.0, 5124.0, 5845.0, nan]",62.95,"[8.28, 15.16, 14.01, nan]","[3.27, 1.63, 3.69, nan]",10589.0,708.0,,1.77,True
A179290,엠아이텍,"=HYPERLINK(""https://finance.naver.com/item/coinfo.nhn?code=179290"", ""A179290"")","=HYPERLINK(""http://comp.fnguide.com/SVO2/ASP/SVD_Consensus.asp?pGB=1&gicode=A179290&cID=&MenuYn=Y&ReportGB=&NewMenuID=108&stkGb=701"", ""엠아이텍"")",2,4695,0.0,10.78,6172,4956,4530,31.46,5.56,-3.52,17.12,True,0,628.0,,,"[398.0, 565.0, 628.0, nan]","[42.0, 11.2, nan]",0.0,-16.9,"[54.7, -34.2, 42.1, 11.1, -16.9]",5.955882633358822,1520.0,106182,"[929.0, 1088.0, 1259.0, nan]",53.09,"[14.5, 18.13, 17.32, nan]","[16.99, 14.36, 10.78, nan]",672.0,207.0,,1.77,True
A080470,성창오토텍,"=HYPERLINK(""https://finance.naver.com/item/coinfo.nhn?code=080470"", ""A080470"")","=HYPERLINK(""http://comp.fnguide.com/SVO2/ASP/SVD_Consensus.asp?pGB=1&gicode=A080470&cID=&MenuYn=Y&ReportGB=&NewMenuID=108&stkGb=701"", ""성창오토텍"")",3,3030,0.0,3.46,10036,9097,8768,231.23,200.24,189.38,13.09,True,0,1163.0,,,"[753.0, 748.0, 1163.0, nan]","[-0.7, 55.5, nan]",0.0,-5.6,"[-39.2, 134.6, -0.8, 55.6, -5.6]",15.756388639797049,221.0,24426,"[481.0, 530.0, 604.0, nan]",52.38,"[11.96, 10.8, 14.99, nan]","[6.68, 4.78, 3.46, nan]",2435.0,116.0,,1.74,True
A009780,엠에스씨,"=HYPERLINK(""https://finance.naver.com/item/coinfo.nhn?code=009780"", ""A009780"")","=HYPERLINK(""http://comp.fnguide.com/SVO2/ASP/SVD_Consensus.asp?pGB=1&gicode=A009780&cID=&MenuYn=Y&ReportGB=&NewMenuID=108&stkGb=701"", ""엠에스씨"")",3,6110,0.0,6.06,13075,11836,11402,113.99,93.71,86.61,13.12,True,0,1307.0,,,"[1049.0, 1237.0, 1307.0, nan]","[17.9, 5.7, nan]",0.0,4.1,"[17.8, 1.9, 17.9, 5.7, 4.1]",9.262667564083959,1075.0,9903,"[1504.0, 1696.0, 1892.0, nan]",73.22,"[13.03, 13.61, 12.83, nan]","[5.02, 4.46, 6.06, nan]",1977.0,297.0,,1.64,True
A043150,바텍,"=HYPERLINK(""https://finance.naver.com/item/coinfo.nhn?code=043150"", ""A043150"")","=HYPERLINK(""http://comp.fnguide.com/SVO2/ASP/SVD_Consensus.asp?pGB=1&gicode=A043150&cID=&MenuYn=Y&ReportGB=&NewMenuID=108&stkGb=701"", ""바텍"")",3,18630,-3.63,7.24,33551,33455,33421,80.09,79.58,79.4,10.85,True,1,2701.0,3277.0,21.3,"[3483.0, 3712.0, 2701.0, 3277.0]","[6.6, -27.2, 21.3]",-1.9946475226628957,17.4,"[50.1, -32.7, 6.6, -27.2, 17.4]",-1.6463486797560933,2767.0,21388,"[3986.0, 4534.0, 4957.0, 5386.0]",53.65,"[13.83, 12.94, 8.46, 9.41]","[9.55, 5.09, 7.24, 5.69]",4264.0,548.0,,1.53,True
A445180,퓨릿,"=HYPERLINK(""https://finance.naver.com/item/coinfo.nhn?code=445180"", ""A445180"")","=HYPERLINK(""http://comp.fnguide.com/SVO2/ASP/SVD_Consensus.asp?pGB=1&gicode=A445180&cID=&MenuYn=Y&ReportGB=&NewMenuID=108&stkGb=701"", ""퓨릿"")",1,8860,0.0,9.85,8878,7479,6989,0.2,-15.58,-21.11,15.32,True,0,893.0,,,"[837.0, 705.0, 893.0, nan]","[-15.8, 26.7, nan]",0.0,46.7,"[55.1, -0.2, -15.7, 26.6, 46.7]",19.367678224320972,1523.0,78055,"[833.0, 933.0, 1075.0, nan]",50.33,"[19.82, 13.39, 15.1, nan]","[13.03, 7.5, 9.85, nan]",1425.0,172.0,,1.37,True
A032620,GC메디아이,"=HYPERLINK(""https://finance.naver.com/item/coinfo.nhn?code=032620"", ""A032620"")","=HYPERLINK(""http://comp.fnguide.com/SVO2/ASP/SVD_Consensus.asp?pGB=1&gicode=A032620&cID=&MenuYn=Y&ReportGB=&NewMenuID=108&stkGb=701"", ""GC메디아이"")",2,3155,0.0,5.15,3966,3338,3117,25.72,5.79,-1.2,15.36,True,0,708.0,,,"[-33.0, -30.0, 708.0, nan]","[-9.1, -2460.0, nan]",0.0,-97.0,"[-73.1, nan, nan, nan, -97.0]",0.0,1647.0,94675,"[1051.0, 992.0, 1415.0, nan]",53.03,"[-1.54, -1.55, 30.72, nan]","[nan, nan, 5.15, nan]",1977.0,75.0,1413299.0,1.37,True
A009450,경동나비엔,"=HYPERLINK(""https://finance.naver.com/item/coinfo.nhn?code=009450"", ""A009450"")","=HYPERLINK(""http://comp.fnguide.com/SVO2/ASP/SVD_Consensus.asp?pGB=1&gicode=A009450&cID=&MenuYn=Y&ReportGB=&NewMenuID=108&stkGb=701"", ""경동나비엔"")",1,67700,0.33,9.01,74663,63285,59297,10.29,-6.52,-12.41,15.11,True,1,6157.0,11851.0,92.5,"[5707.0, 8535.0, 6157.0, 11851.0]","[49.6, -27.9, 92.5]",27.57508431472868,52.2,"[-36.9, 55.2, 49.5, -27.9, 52.2]",9.946760367496378,9863.0,39390,"[5846.0, 6954.0, 7705.0, 9318.0]",57.61,"[15.09, 19.43, 12.24, 20.28]","[8.27, 10.29, 9.01, 5.71]",15022.0,1434.0,115660.0,1.35,True
A036830,솔브레인홀딩스,"=HYPERLINK(""https://finance.naver.com/item/coinfo.nhn?code=036830"", ""A036830"")","=HYPERLINK(""http://comp.fnguide.com/SVO2/ASP/SVD_Consensus.asp?pGB=1&gicode=A036830&cID=&MenuYn=Y&ReportGB=&NewMenuID=108&stkGb=701"", ""솔브레인홀딩스"")",3,44600,0.0,1.6,148188,114450,102626,232.26,156.61,130.1,18.84,False,0,23248.0,,,"[4342.0, 2796.0, 23248.0, nan]","[-35.6, 731.5, nan]",0.0,95.7,"[104.1, 41.8, -35.6, 731.5, 95.7]",97.86621055024895,9145.0,74078,"[12373.0, 13050.0, 17354.0, nan]",77.27,"[7.63, 4.61, 32.06, nan]","[10.21, 12.91, 1.6, nan]",5566.0,-34.0,58000.0,1.34,True
A489460,바이오비쥬,"=HYPERLINK(""https://finance.naver.com/item/coinfo.nhn?code=489460"", ""A489460"")","=HYPERLINK(""http://comp.fnguide.com/SVO2/ASP/SVD_Consensus.asp?pGB=1&gicode=A489460&cID=&MenuYn=Y&ReportGB=&NewMenuID=108&stkGb=701"", ""바이오비쥬"")",1,6810,3.94,45.19,8213,6037,5275,20.6,-11.34,-22.54,21.45,True,1,298.0,425.0,42.6,"[307.0, 629.0, 298.0, 425.0]","[104.9, -52.6, 42.6]",11.467075909807779,35.6,"[455.7, 363.7, 104.9, -52.6, 35.6]",102.36318047732111,1025.0,71348,"[115.0, 309.0, 620.0, 378.0]",59.82,"[34.17, 33.86, 8.94, 12.83]","[nan, nan, 45.19, 16.01]",285.0,42.0,35599.0,0.74,True
