code,name,est_level,price,est_price,est_price1,est_price2,disparity2,rep_roe, < 동종업계per,disparity,disparity1,시가총액,거래량,지배주주자본,최대주주지분율,ROE,PER,매출액,영업이익,EPS(원),자기주식수,배당수익률
A095570,AJ네트웍스,3,4610.0,7546,7214,7120,-54.45,8.6,True,-63.68,-56.49,2159.0,197388.0,"[2888.0, 2871.0, 3185.0, nan]",72.18,"[5.27, 0.39, 15.18, nan]","[21.76, 186.12, 5.06, nan]",12028.0,178.0,982.0,1284859.0,6.04
A208710,바이오로그디바이스,3,1585.0,2910,2335,2171,-36.95,11.88,True,-83.59,-47.29,458.0,85880.0,"[423.0, 464.0, 561.0, nan]",24.24,"[8.77, 13.28, 11.98, nan]","[19.25, 8.59, 8.74, nan]",904.0,70.0,213.0,137119.0,
A067990,도이치모터스,3,6150.0,30265,17612,14007,-127.76,26.2,True,-392.11,-186.38,1724.0,125913.0,"[1466.0, 1796.0, 2480.0, nan]",33.11,"[3.48, 20.58, 26.2, 10.66]","[40.81, 4.02, 3.84, 6.52]",12087.0,829.0,1998.0,1100000.0,
A088130,동아엘텍,3,8080.0,18693,17508,17171,-112.51,8.91,True,-131.35,-116.69,862.0,28264.0,"[1485.0, 1554.0, 1648.0, nan]",31.01,"[8.88, 11.19, 7.4, nan]","[12.54, 5.44, 7.47, nan]",2029.0,198.0,1086.0,807091.0,1.85
A109860,동일금속,3,10650.0,32222,24455,22242,-108.84,13.31,True,-202.56,-129.62,746.0,2338.0,"[1015.0, 1098.0, 1242.0, nan]",57.72,"[3.7, 8.93, 13.31, nan]","[13.79, 7.79, 5.62, nan]",866.0,126.0,2226.0,563000.0,2.24
A196450,디오스텍,3,411.0,663,580,556,-35.3,10.08,True,-61.38,-41.09,592.0,0.0,"[456.0, 392.0, 755.0, nan]",9.96,"[-42.35, -22.45, 10.08, nan]","[nan, nan, 17.88, nan]",862.0,29.0,44.0,39912.0,
A038390,레드캡투어,3,21150.0,36385,26777,24039,-13.66,14.22,False,-72.04,-26.6,1817.0,20427.0,"[1397.0, 1488.0, 1639.0, nan]",74.58,"[6.21, 9.76, 14.22, nan]","[15.56, 9.24, 6.05, nan]",2588.0,350.0,2589.0,552500.0,5.11
A228850,레이언스,3,11000.0,12786,12522,12447,-13.16,8.25,True,-16.24,-13.84,1825.0,39115.0,"[1766.0, 1819.0, 1943.0, 2000.0]",64.86,"[8.55, 8.77, 7.81, 4.08]","[20.99, 17.25, 14.97, 22.67]",1262.0,228.0,885.0,854574.0,2.26
A012700,리드코프,3,6720.0,19981,16621,15664,-133.1,11.07,True,-197.33,-147.34,1777.0,77078.0,"[3173.0, 3334.0, 3683.0, nan]",40.16,"[12.03, 9.83, 11.57, nan]","[4.42, 4.41, 4.64, nan]",4954.0,539.0,1531.0,851283.0,2.11
A014100,메디앙스,3,4195.0,27162,15212,11807,-181.46,29.76,True,-547.49,-262.63,495.0,0.0,"[472.0, 499.0, 841.0, nan]",30.49,"[13.48, 6.55, 50.67, nan]","[23.86, 34.87, 3.01, nan]",973.0,16.0,2877.0,236868.0,
A101330,모베이스,3,3520.0,26558,17409,14802,-320.52,18.68,True,-654.49,-394.58,843.0,344509.0,"[2054.0, 2246.0, 2689.0, nan]",45.22,"[7.73, 9.79, 18.68, nan]","[8.25, 3.93, 2.2, nan]",6525.0,320.0,1924.0,227362.0,
A141000,비아트론,3,9440.0,14987,12720,12074,-27.91,10.65,True,-58.76,-34.75,1144.0,119134.0,"[1085.0, 1293.0, 1327.0, nan]",19.07,"[11.73, 20.6, 3.66, nan]","[20.6, 4.95, 27.38, nan]",500.0,38.0,396.0,281420.0,
A009410,태영건설,3,10450.0,45766,36115,33365,-219.28,12.28,True,-337.95,-245.6,4065.0,235832.0,"[9569.0, 10144.0, 11552.0, nan]",49.32,"[10.12, 19.21, 8.38, nan]","[4.51, 2.37, 5.19, nan]",39244.0,3912.0,1152.0,7780.0,2.51
A018310,삼목에스폼,3,7620.0,28798,28755,28742,-277.2,7.99,True,-277.93,-277.36,1120.0,12067.0,"[3222.0, 3303.0, 3423.0, nan]",50.66,"[11.49, 12.12, 4.07, nan]","[5.04, 4.28, 8.97, nan]",1442.0,114.0,932.0,2783927.0,1.2
A023600,삼보판지,3,9400.0,31017,25750,24249,-157.97,11.11,True,-229.97,-173.94,1520.0,783505.0,"[2748.0, 3320.0, 3553.0, nan]",63.54,"[2.65, 19.45, 8.37, nan]","[13.74, 2.22, 4.62, nan]",3670.0,457.0,1779.0,202211.0,1.52
A038540,상상인,3,6770.0,31953,18526,14700,-117.14,26.51,True,-371.98,-173.65,3746.0,194319.0,"[2942.0, 4261.0, 5257.0, nan]",31.93,"[40.99, 37.93, 26.51, nan]","[5.84, 6.24, 3.85, nan]",5413.0,1824.0,2254.0,604037.0,2.31
A035890,서희건설,3,1370.0,3831,2680,2352,-71.65,15.94,True,-179.6,-95.59,2837.0,815014.0,"[2541.0, 2804.0, 3782.0, nan]",48.87,"[13.36, 13.22, 18.62, 31.99]","[7.07, 5.9, 3.81, 2.36]",12430.0,1182.0,294.0,9575559.0,2.68
A045300,성우테크론,3,5110.0,6532,5946,5779,-13.09,9.37,True,-27.83,-16.36,481.0,76688.0,"[422.0, 462.0, 503.0, nan]",41.96,"[14.84, 12.14, 9.37, nan]","[6.5, 6.97, 8.79, nan]",330.0,22.0,481.0,352684.0,0.93
A036830,솔브레인홀딩스,3,43450.0,172741,123879,109956,-153.06,15.06,True,-297.56,-185.11,4180.0,41948.0,"[6450.0, 7255.0, 8313.0, nan]",43.45,"[6.85, 14.53, 15.06, nan]","[13.12, 3.99, 6.0, nan]",10213.0,1742.0,6737.0,526253.0,2.1
A020710,시공테크,3,4850.0,8526,6907,6446,-32.91,11.65,False,-75.79,-42.42,972.0,20151.0,"[955.0, 945.0, 1083.0, nan]",43.21,"[21.5, 1.51, 15.13, nan]","[7.23, 84.96, 6.26, nan]",1198.0,80.0,765.0,1478045.0,1.67
A017000,신원종합개발,3,4280.0,18849,12978,11305,-164.13,16.55,True,-340.4,-203.22,431.0,96172.0,"[637.0, 757.0, 871.0, nan]",18.74,"[24.51, 16.89, 16.55, nan]","[4.2, 3.51, 3.14, nan]",2565.0,69.0,1338.0,472513.0,
A056700,신화인터텍,3,2935.0,4307,3720,3553,-21.04,10.31,True,-46.76,-26.75,855.0,414834.0,"[928.0, 871.0, 966.0, nan]",20.05,"[-2.52, -5.7, 10.31, nan]","[nan, nan, 11.93, nan]",2544.0,163.0,325.0,124000.0,1.29
A006580,대양제지,3,2955.0,16143,10356,8707,-194.65,19.76,True,-446.3,-250.46,793.0,1969425.0,"[846.0, 1129.0, 1345.0, nan]",53.58,"[-0.25, 30.75, 19.02, nan]","[nan, 2.76, 3.71, nan]",2594.0,327.0,876.0,6193269.0,1.23
A036800,나이스정보통신,3,26800.0,42749,31812,28696,-7.07,13.88,True,-59.51,-18.7,2680.0,62954.0,"[1797.0, 2039.0, 2301.0, 2517.0]",42.74,"[22.14, 15.94, 13.88, 10.71]","[6.23, 6.43, 9.52, 10.39]",4529.0,350.0,3011.0,625978.0,1.61
A036190,금화피에스시,3,28300.0,73969,53882,48158,-70.17,14.54,True,-161.38,-90.39,1698.0,4687.0,"[1827.0, 2204.0, 2394.0, 2647.0]",36.08,"[11.76, 19.69, 12.04, 13.65]","[12.47, 4.48, 6.39, 4.94]",2094.0,343.0,4614.0,94210.0,4.41
A066620,국보디자인,3,16650.0,30894,23120,20905,-25.55,13.71,True,-85.55,-38.86,1249.0,43274.0,"[993.0, 1086.0, 1234.0, nan]",53.09,"[14.33, 13.35, 13.75, nan]","[10.29, 7.24, 8.02, nan]",2690.0,116.0,2126.0,627314.0,1.76
A086790,하나금융지주,3,35600.0,106628,100519,98779,-177.47,8.81,True,-199.52,-182.36,106886.0,1183922.0,"[238737.0, 264292.0, 281245.0, 303679.0]",9.94,"[8.79, 8.88, 8.77, 8.48]","[7.24, 4.86, 4.63, 4.31]",111182.0,32587.0,7966.0,8678586.0,5.69
A071050,한국금융지주,3,77100.0,187394,131807,115967,-50.41,15.74,True,-143.05,-70.96,42965.0,453051.0,"[38561.0, 43166.0, 50037.0, 53978.0]",20.7,"[14.11, 12.96, 18.14, 13.73]","[8.33, 6.92, 5.28, 6.65]",14001.0,9418.0,13724.0,2987479.0,4.01
A123890,한국자산신탁,3,3975.0,9693,7120,6386,-60.66,14.28,True,-143.85,-79.11,4928.0,257734.0,"[5120.0, 5931.0, 6620.0, 7759.0]",53.62,"[27.12, 18.52, 14.28, 17.13]","[6.05, 4.85, 4.66, 4.0]",2233.0,1141.0,723.0,1610697.0,5.4
A024720,한국콜마홀딩스,3,25700.0,40060,30573,27870,-8.44,13.16,False,-55.88,-18.96,4774.0,47620.0,"[2938.0, 3814.0, 4485.0, nan]",44.38,"[10.26, 18.57, 10.51, nan]","[24.38, 8.79, 10.09, nan]",5934.0,930.0,2236.0,97500.0,0.86
A034830,한국토지신탁,3,1855.0,6135,4759,4366,-135.38,12.72,True,-230.73,-156.52,4684.0,734399.0,"[7155.0, 8210.0, 8777.0, 9776.0]",35.46,"[25.66, 21.75, 12.72, 9.89]","[4.73, 4.08, 4.91, 5.11]",2557.0,1193.0,428.0,24161374.0,5.24
A053690,한미글로벌,3,9860.0,21909,16140,14497,-47.02,14.19,True,-122.2,-63.69,1080.0,72745.0,"[993.0, 983.0, 1181.0, nan]",26.61,"[9.08, 7.06, 20.64, 11.26]","[10.88, 14.93, 4.71, 8.12]",2947.0,244.0,2038.0,1362240.0,2.08
A020000,한섬,3,29600.0,49982,48547,48138,-62.63,8.37,True,-68.86,-64.01,7290.0,58759.0,"[9255.0, 9907.0, 10456.0, 11126.0]",34.64,"[5.96, 7.56, 8.37, 7.64]","[14.38, 12.33, 9.11, 8.84]",12598.0,1065.0,3462.0,2660406.0,1.43
A003530,한화투자증권,3,2285.0,6342,5776,5615,-145.72,9.36,True,-177.54,-152.78,4902.0,1169708.0,"[8753.0, 9485.0, 11549.0, nan]",46.24,"[6.57, 7.95, 9.36, nan]","[8.62, 4.98, 4.09, nan]",3483.0,1119.0,505.0,677387.0,
A006060,화승인더,3,7280.0,11714,8404,7461,-2.48,15.05,True,-60.91,-15.44,4027.0,235905.0,"[2423.0, 2694.0, 3304.0, nan]",33.59,"[15.42, 7.94, 19.66, nan]","[15.55, 18.63, 11.17, nan]",14259.0,1136.0,1066.0,2071532.0,0.38
A032560,황금에스티,3,7270.0,20714,19433,19067,-162.27,8.88,True,-184.93,-167.3,1018.0,67773.0,"[2174.0, 2313.0, 2601.0, nan]",54.12,"[9.66, 6.48, 10.23, nan]","[6.28, 7.56, 3.9, nan]",2436.0,188.0,1794.0,1861.0,1.43
A005870,휴니드,3,6040.0,16146,11760,10510,-74.01,14.55,True,-167.31,-94.7,853.0,66796.0,"[1096.0, 1086.0, 1158.0, nan]",22.83,"[17.42, 24.28, 7.1, nan]","[9.13, 4.26, 12.89, nan]",1947.0,88.0,564.0,1025525.0,
A023460,CNH,3,1875.0,3156,3067,3041,-62.2,8.37,True,-68.34,-63.57,698.0,71522.0,"[1024.0, 971.0, 1046.0, nan]",60.58,"[2.9, 0.74, 15.27, nan]","[16.94, 70.47, 4.62, nan]",405.0,211.0,414.0,2418619.0,1.57
A028150,GS홈쇼핑,3,138800.0,259052,218890,207446,-49.46,10.74,True,-86.64,-57.7,9109.0,18121.0,"[10631.0, 10884.0, 11462.0, 12387.0]",36.1,"[10.1, 12.46, 9.81, 10.36]","[13.83, 8.8, 8.9, 7.37]",12304.0,1211.0,16696.0,599200.0,4.37
A151860,KG ETS,3,4580.0,25345,14330,11192,-144.36,28.81,False,-453.38,-212.89,1649.0,543893.0,"[1471.0, 1501.0, 2424.0, nan]",46.5,"[8.21, 7.58, 49.82, nan]","[12.77, 10.26, 1.22, nan]",1609.0,159.0,2716.0,1433682.0,3.31
A024940,PN풍년,3,4095.0,5172,4650,4502,-9.93,9.58,True,-26.29,-13.56,410.0,212608.0,"[321.0, 331.0, 383.0, nan]",38.07,"[4.55, 3.67, 15.19, nan]","[18.75, 18.75, 4.11, nan]",546.0,-13.0,542.0,1101320.0,1.12
A091340,S&K폴리텍,3,4925.0,18886,12298,10421,-111.6,19.0,True,-283.46,-149.71,576.0,35413.0,"[687.0, 727.0, 888.0, nan]",42.34,"[5.92, 11.94, 19.0, nan]","[14.98, 5.03, 6.46, nan]",3380.0,257.0,1311.0,494438.0,
A255220,SG,3,1890.0,3860,2722,2398,-26.86,15.65,True,-104.23,-44.02,694.0,56329.0,"[370.0, 595.0, 707.0, nan]",40.46,"[38.96, 21.35, 15.65, nan]","[nan, 13.55, 8.06, nan]",1328.0,128.0,277.0,754641.0,
A950180,SNK,3,16500.0,34814,22774,19344,-17.23,18.78,False,-110.99,-38.03,3475.0,168921.0,"[630.0, 876.0, 3034.0, nan]",33.16,"[nan, 32.95, 15.59, nan]","[nan, nan, 11.05, nan]",1021.0,472.0,1701.0,528203.0,
A078890,가온미디어,3,6250.0,11386,11129,11055,-76.88,8.28,True,-82.18,-78.06,942.0,108602.0,"[1249.0, 1394.0, 1579.0, nan]",16.06,"[5.67, 3.89, 12.08, nan]","[23.76, 22.56, 6.87, nan]",6010.0,291.0,1200.0,664245.0,1.19
A083930,아바코,3,9730.0,19410,13773,12167,-25.04,15.43,True,-99.48,-41.55,1500.0,178382.0,"[1049.0, 1192.0, 1304.0, nan]",27.48,"[-0.82, 22.73, 15.7, nan]","[nan, 3.67, 5.07, nan]",2261.0,233.0,1225.0,2408960.0,4.83
A090740,아이엠이연이,3,4500.0,6108,5570,5416,-20.36,9.34,True,-35.73,-23.77,850.0,497360.0,"[538.0, 555.0, 826.0, nan]",35.67,"[-25.05, 3.6, 9.34, nan]","[nan, 26.69, 16.24, nan]",3161.0,116.0,399.0,3050353.0,0.77
A052790,액토즈소프트,3,11600.0,26802,17194,14456,-24.62,19.76,True,-131.06,-48.22,1314.0,43762.0,"[1071.0, 922.0, 1181.0, nan]",51.08,"[-6.72, -14.94, 19.76, nan]","[nan, nan, 6.82, nan]",627.0,257.0,1833.0,406091.0,
A004650,창해에탄올,3,13700.0,23044,19049,17911,-30.74,11.2,True,-68.2,-39.05,1259.0,82496.0,"[1092.0, 1059.0, 1244.0, nan]",27.13,"[4.55, 3.46, 18.58, nan]","[31.58, 33.01, 5.39, nan]",1873.0,89.0,2328.0,1603534.0,4.78
A049430,코메론,3,8700.0,22641,19228,18255,-109.83,10.64,True,-160.24,-121.01,787.0,17073.0,"[1193.0, 1284.0, 1405.0, nan]",38.73,"[8.19, 9.88, 10.64, nan]","[9.29, 5.62, 5.41, nan]",666.0,139.0,1581.0,763630.0,2.34
A056360,코위버,3,9650.0,20337,15742,14433,-49.56,12.77,True,-110.74,-63.13,945.0,63114.0,"[943.0, 996.0, 1186.0, nan]",28.91,"[7.13, 6.39, 18.91, nan]","[12.26, 11.41, 4.2, nan]",1131.0,117.0,2107.0,450345.0,2.26
A282880,코윈테크,3,21500.0,57479,29890,22028,-2.46,39.63,True,-167.35,-39.02,1989.0,48560.0,"[108.0, 211.0, 1034.0, nan]",24.47,"[25.64, 64.78, 27.52, 5.9]","[nan, nan, 11.87, 32.61]",911.0,208.0,2120.0,307389.0,1.85
A015710,코콤,3,6820.0,8621,7709,7449,-9.23,9.67,True,-26.41,-13.04,1196.0,263678.0,"[1023.0, 1131.0, 1179.0, nan]",59.2,"[10.92, 12.88, 7.12, nan]","[12.98, 8.53, 13.97, nan]",1339.0,133.0,469.0,932563.0,2.44
A052330,코텍,3,9090.0,29983,25343,24021,-164.25,10.73,True,-229.84,-178.8,1416.0,30661.0,"[2614.0, 2898.0, 3179.0, nan]",32.95,"[8.61, 12.72, 10.12, nan]","[11.73, 6.18, 6.51, nan]",2853.0,331.0,1975.0,1293395.0,3.11
A065130,탑엔지니어링,3,9860.0,31638,20705,17589,-78.39,18.76,True,-220.87,-109.99,1575.0,320323.0,"[1578.0, 1724.0, 2123.0, nan]",24.32,"[8.72, 10.15, 18.76, nan]","[7.97, 6.74, 4.45, nan]",13059.0,706.0,2259.0,181464.0,1.0
A051360,토비스,3,7450.0,19367,15537,14446,-93.9,11.88,True,-159.96,-108.55,1245.0,310856.0,"[1658.0, 1773.0, 1940.0, nan]",14.3,"[8.06, 11.45, 11.88, nan]","[10.17, 5.7, 7.14, nan]",4189.0,307.0,1319.0,1785732.0,2.55
A225590,패션플랫폼,3,1255.0,2295,1838,1708,-36.09,11.92,True,-82.85,-46.46,334.0,132000.0,"[181.0, 316.0, 393.0, nan]",53.61,"[26.69, 4.87, 11.69, nan]","[nan, 28.95, 8.16, nan]",794.0,61.0,156.0,1029831.0,
A251970,펌텍코리아,3,14650.0,27029,17952,15365,-4.88,18.07,True,-84.5,-22.54,1817.0,31475.0,"[618.0, 821.0, 1444.0, nan]",61.4,"[30.19, 28.89, 18.07, nan]","[nan, nan, 11.08, nan]",1754.0,269.0,1661.0,287382.0,1.79
A005670,푸드웰,3,5370.0,50017,24737,17534,-226.52,50.19,True,-831.42,-360.66,537.0,30307.0,"[439.0, 471.0, 768.0, nan]",45.81,"[5.95, 9.89, 50.19, nan]","[14.98, 10.58, 1.96, nan]",1439.0,86.0,3109.0,330618.0,1.64
A007330,푸른저축은행,3,8860.0,27414,24411,23556,-165.87,9.75,True,-209.41,-175.52,1336.0,29383.0,"[2312.0, 2476.0, 2654.0, nan]",62.3,"[9.35, 10.18, 9.59, nan]","[5.19, 4.83, 4.8, nan]",559.0,321.0,1631.0,3243332.0,7.02
A039340,한국경제TV,3,5720.0,9373,7061,6402,-11.93,13.52,True,-63.86,-23.44,1316.0,73691.0,"[946.0, 1089.0, 1219.0, nan]",41.97,"[13.77, 14.16, 13.01, nan]","[7.14, 6.2, 7.22, nan]",778.0,137.0,653.0,937408.0,1.91
A023890,한국아트라스비엑스,3,57800.0,188947,133421,117599,-103.46,15.6,True,-226.9,-130.83,5289.0,48475.0,"[2631.0, 3138.0, 3672.0, 4300.0]",31.13,"[17.6, 17.32, 15.6, 14.55]","[10.56, 9.52, 8.8, 9.12]",6480.0,646.0,5806.0,5346107.0,0.78
A017890,한국알콜,3,13650.0,19934,17530,16845,-23.4,9.97,True,-46.04,-28.42,2949.0,286135.0,"[2531.0, 2941.0, 3279.0, nan]",40.49,"[8.18, 10.48, 10.23, nan]","[7.57, 5.4, 5.11, nan]",2914.0,331.0,1472.0,1025167.0,1.33
A045100,한양이엔지,3,13650.0,39047,26893,23430,-71.65,16.54,False,-186.06,-97.02,2457.0,97428.0,"[2380.0, 3054.0, 3274.0, nan]",45.6,"[15.21, 28.01, 9.33, nan]","[7.05, 2.94, 7.5, nan]",7721.0,334.0,1641.0,602572.0,3.66
A054920,한컴위드,3,5810.0,11861,7744,6570,-13.09,18.88,True,-104.15,-33.28,1639.0,136447.0,"[532.0, 602.0, 1243.0, nan]",31.37,"[2.66, 0.5, 36.53, nan]","[31.08, 156.96, 1.46, nan]",158.0,-4.0,1903.0,3398468.0,
A039010,현대통신,3,7290.0,17302,12998,11772,-61.48,13.6,True,-137.33,-78.3,629.0,26537.0,"[600.0, 752.0, 815.0, nan]",38.47,"[28.9, 25.22, 13.6, nan]","[5.33, 5.46, 6.49, nan]",1046.0,105.0,1236.0,586897.0,3.74
A065510,휴비츠,3,7200.0,9540,8796,8583,-19.21,9.16,True,-32.5,-22.16,856.0,48718.0,"[787.0, 839.0, 880.0, nan]",26.62,"[3.99, 8.72, 9.16, -5.06]","[51.01, 13.49, 12.57, nan]",880.0,117.0,663.0,1281476.0,1.8
A010240,흥국,3,5790.0,9072,7133,6580,-13.64,12.37,True,-56.68,-23.19,713.0,63280.0,"[553.0, 617.0, 675.0, nan]",51.18,"[13.25, 14.23, 10.84, nan]","[6.26, 9.48, 7.79, nan]",1045.0,89.0,568.0,772811.0,3.39
A221980,케이디켐,3,12850.0,25254,22234,21374,-66.33,9.95,True,-96.53,-73.03,518.0,3879.0,"[671.0, 723.0, 773.0, nan]",71.07,"[10.14, 9.75, 10.02, nan]","[9.69, 7.3, 6.62, nan]",488.0,64.0,1857.0,213443.0,4.07
A094850,참좋은여행,3,8990.0,18471,11774,9866,-9.75,20.1,False,-105.46,-30.97,1259.0,608719.0,"[735.0, 832.0, 967.0, nan]",42.17,"[18.13, 13.06, 25.44, nan]","[12.37, 10.78, 4.1, nan]",621.0,71.0,1635.0,800000.0,2.54
A290740,액트로,3,10000.0,20203,12671,10525,-5.25,21.0,True,-102.03,-26.71,1007.0,38047.0,"[271.0, 630.0, 760.0, nan]",37.87,"[43.0, 30.38, 21.0, nan]","[nan, 4.05, 9.99, nan]",1078.0,130.0,1461.0,153257.0,1.37
A208350,지란지교시큐리티,3,5530.0,5791,5720,5700,-3.07,8.13,True,-4.71,-3.44,430.0,85277.0,"[383.0, 424.0, 441.0, nan]",44.13,"[19.95, 5.04, 6.26, nan]","[14.74, 25.27, 18.58, nan]",615.0,35.0,318.0,1198.0,
A255440,야스,3,12650.0,27349,17881,15182,-20.02,18.81,True,-116.2,-41.35,1652.0,26710.0,"[1067.0, 1403.0, 1506.0, nan]",46.59,"[20.84, 29.17, 11.22, nan]","[19.6, 5.62, 15.72, nan]",869.0,125.0,1250.0,64180.0,0.76
A030960,양지사,3,10200.0,84161,41857,29802,-192.18,48.77,True,-725.1,-310.36,1630.0,25634.0,"[668.0, 681.0, 1889.0, nan]",75.53,"[3.95, 3.44, 93.94, nan]","[64.15, 71.39, 1.28, nan]",489.0,17.0,7553.0,2243930.0,0.52
A031330,에스에이엠티,3,2370.0,4957,3440,3007,-26.89,16.25,True,-109.14,-45.13,2370.0,621101.0,"[1925.0, 2141.0, 2383.0, nan]",50.02,"[16.27, 15.67, 16.62, nan]","[6.67, 5.18, 5.84, nan]",12138.0,337.0,376.0,2000000.0,6.38
A060540,에스에이티,3,2580.0,4150,3597,3439,-33.31,10.24,True,-60.86,-39.42,674.0,289200.0,"[704.0, 768.0, 844.0, nan]",40.82,"[9.89, 8.53, 11.5, nan]","[7.16, 7.17, 6.27, nan]",1402.0,100.0,355.0,372.0,2.25
A069510,에스텍,3,10000.0,28141,22235,20552,-105.52,12.25,True,-181.41,-122.35,1091.0,27725.0,"[1245.0, 1390.0, 1540.0, 1637.0]",49.55,"[7.97, 15.15, 11.74, 5.85]","[12.66, 5.38, 7.39, 11.73]",3380.0,175.0,1576.0,2500000.0,5.15
A098660,에스티오,3,2120.0,3487,3129,3028,-42.81,9.61,True,-64.48,-47.62,265.0,6276.0,"[337.0, 330.0, 351.0, nan]",67.75,"[-0.4, -0.89, 9.61, nan]","[nan, nan, 9.05, nan]",851.0,54.0,262.0,363728.0,5.06
A003800,에이스침대,3,40850.0,56306,49933,48117,-17.79,9.82,True,-37.84,-22.23,4530.0,489.0,"[3925.0, 4316.0, 4685.0, 5050.0]",79.56,"[6.94, 7.36, 9.82, 9.04]","[16.38, 8.56, 8.77, 10.3]",2774.0,499.0,3987.0,838055.0,3.15
A007530,영신금속,3,2580.0,6089,4416,3939,-52.66,14.69,True,-136.01,-71.14,331.0,39469.0,"[211.0, 367.0, 419.0, nan]",29.19,"[-57.87, 8.92, 14.69, nan]","[nan, 7.82, 3.64, nan]",1198.0,64.0,450.0,150000.0,
A045060,오공,3,4775.0,5852,5173,4980,-4.3,9.88,True,-22.55,-8.34,809.0,108434.0,"[573.0, 735.0, 796.0, nan]",30.96,"[10.7, 9.59, 9.79, nan]","[9.78, 7.04, 7.63, nan]",1519.0,89.0,442.0,87473.0,1.48
A010470,오리콤,3,4410.0,7778,7445,7351,-66.68,8.58,False,-76.36,-68.83,516.0,18236.0,"[727.0, 783.0, 829.0, nan]",62.87,"[5.74, 11.83, 7.36, nan]","[14.24, 6.58, 9.69, nan]",1985.0,80.0,515.0,370315.0,4.41
A089850,유비벨록스,3,9280.0,11116,11000,10968,-18.18,8.11,True,-19.78,-18.54,660.0,136103.0,"[681.0, 678.0, 736.0, nan]",24.56,"[-8.11, 5.27, 8.11, nan]","[nan, 9.82, 8.11, nan]",2794.0,78.0,805.0,378119.0,
A024800,유성티엔에스,3,2510.0,9713,8819,8565,-241.22,9.41,True,-286.99,-251.37,683.0,64350.0,"[1615.0, 1717.0, 1938.0, nan]",48.23,"[7.48, 7.08, 11.61, nan]","[7.83, 5.88, 3.62, nan]",3581.0,74.0,780.0,3652884.0,0.53
A078020,이베스트투자증권,3,7090.0,13016,11323,10840,-52.89,10.17,True,-83.59,-59.7,3934.0,151722.0,"[3897.0, 4037.0, 5140.0, nan]",62.48,"[10.19, 8.58, 11.23, nan]","[11.26, 10.53, 5.49, nan]",1893.0,705.0,1020.0,5075498.0,6.16
A080010,이상네트웍스,3,7300.0,12862,11522,11140,-52.61,9.64,True,-76.19,-57.84,658.0,13065.0,"[769.0, 849.0, 948.0, nan]",50.05,"[10.83, 8.45, 10.04, nan]","[9.85, 9.82, 7.11, nan]",582.0,75.0,1001.0,98424.0,1.4
A016250,이테크건설,3,106100.0,257717,230429,222654,-109.85,9.68,True,-142.9,-117.18,2971.0,0.0,"[2601.0, 2838.0, 2970.0, nan]",48.95,"[11.73, 13.14, 6.68, nan]","[12.35, 6.31, 10.56, nan]",16985.0,770.0,6923.0,182423.0,2.05
A049070,인탑스,3,23800.0,27316,26293,26001,-9.25,8.5,True,-14.77,-10.47,4094.0,181749.0,"[3820.0, 4030.0, 4356.0, 4550.0]",37.93,"[4.36, 5.76, 8.5, 5.76]","[11.06, 8.75, 6.22, 15.95]",9105.0,707.0,2073.0,192896.0,1.94
A115310,인포바인,3,18900.0,54690,45639,43060,-127.83,11.0,True,-189.37,-141.48,603.0,3831.0,"[730.0, 786.0, 849.0, nan]",17.43,"[14.62, 12.72, 11.0, nan]","[8.37, 7.58, 7.61, nan]",193.0,95.0,2817.0,1050332.0,4.2
A094820,일진파워,3,5570.0,10395,8068,7406,-32.96,12.7,True,-86.62,-44.86,840.0,99756.0,"[780.0, 894.0, 960.0, nan]",38.44,"[20.38, 18.93, 12.7, nan]","[5.36, 5.48, 6.94, nan]",1828.0,144.0,781.0,361965.0,5.54
A094970,제이엠티,3,2860.0,4702,3865,3627,-26.8,11.33,False,-64.4,-35.14,479.0,831172.0,"[438.0, 550.0, 553.0, nan]",43.98,"[19.27, 21.73, 1.74, nan]","[14.14, 4.37, 67.05, nan]",833.0,20.0,57.0,36106.0,1.31
A016800,퍼시스,3,29550.0,52608,50045,49315,-66.89,8.67,True,-78.03,-69.36,3398.0,292.0,"[3844.0, 4206.0, 4439.0, nan]",54.71,"[5.86, 11.3, 7.86, nan]","[17.2, 7.76, 9.99, nan]",3047.0,251.0,2953.0,2317576.0,3.39
A189980,흥국에프엔비,3,1655.0,1932,1851,1828,-10.44,8.57,True,-16.75,-11.84,617.0,246241.0,"[574.0, 597.0, 641.0, nan]",50.24,"[4.64, 4.71, 8.57, nan]","[24.37, 17.16, 12.32, nan]",538.0,58.0,144.0,1594580.0,1.69
A015890,태경산업,3,5680.0,9268,8681,8513,-49.88,8.91,True,-63.17,-52.83,1660.0,105435.0,"[1861.0, 2271.0, 2364.0, nan]",63.54,"[4.56, 5.82, 8.91, nan]","[18.37, 13.56, 8.08, nan]",5196.0,108.0,706.0,713753.0,6.48
A024090,디씨엠,3,11800.0,23732,20891,20081,-70.18,9.95,True,-101.12,-77.04,1381.0,5795.0,"[1546.0, 1562.0, 1747.0, nan]",44.57,"[8.6, 4.29, 14.18, nan]","[11.1, 19.12, 6.06, nan]",1453.0,175.0,2005.0,2506909.0,4.12
A000300,대유플러스,3,835.0,1325,1061,985,-18.0,11.93,True,-58.66,-27.02,970.0,868117.0,"[761.0, 872.0, 1028.0, nan]",46.2,"[-15.9, 3.09, 11.93, nan]","[nan, 31.98, 7.29, nan]",5300.0,396.0,106.0,3057.0,
A006650,대한유화,3,250000.0,399271,332404,313351,-25.34,11.05,True,-59.71,-32.96,16250.0,70070.0,"[14732.0, 17011.0, 17786.0, 18916.0]",39.87,"[15.53, 16.22, 6.11, 7.27]","[7.99, 3.88, 7.18, 12.18]",20743.0,1138.0,16360.0,323900.0,2.13
A005880,대한해운,3,3055.0,5551,4328,3979,-30.24,12.59,False,-81.7,-41.65,7462.0,6421502.0,"[6488.0, 7496.0, 8291.0, 8763.0]",55.4,"[19.23, 10.94, 11.47, 2.91]","[4.62, 6.95, 6.21, 30.09]",10057.0,1288.0,371.0,8386070.0,
A005960,동부건설,3,12300.0,35524,25306,22394,-82.07,15.29,True,-188.82,-105.74,2792.0,41648.0,"[3041.0, 3619.0, 4203.0, 4690.0]",62.19,"[34.56, 22.21, 15.29, 13.27]","[2.21, 2.06, 3.05, 4.69]",11554.0,555.0,2803.0,4291.0,8.2
A005190,동성화학,3,15850.0,34040,27263,25331,-59.82,11.92,True,-114.76,-72.0,846.0,11470.0,"[1017.0, 1058.0, 1172.0, nan]",51.23,"[5.14, 5.62, 11.92, 14.67]","[16.85, 12.57, 7.3, 4.92]",2010.0,253.0,2492.0,186177.0,3.3
A028100,동아지질,3,16000.0,23259,19594,18550,-15.94,10.8,False,-45.37,-22.46,1840.0,112214.0,"[1562.0, 1748.0, 1939.0, nan]",43.35,"[11.19, 11.32, 10.33, nan]","[7.87, 10.52, 11.56, nan]",3809.0,229.0,1656.0,200000.0,1.04
A084670,동양고속,3,26200.0,169439,97853,77455,-195.63,26.85,False,-546.71,-273.49,759.0,10259.0,"[1228.0, 1123.0, 1318.0, nan]",47.52,"[-1.41, 1.17, 26.85, nan]","[nan, 64.55, 2.41, nan]",1405.0,100.0,11314.0,275048.0,17.25
A092780,동양피스톤,3,5690.0,11978,9873,9273,-62.96,11.27,True,-110.52,-73.51,749.0,102986.0,"[847.0, 937.0, 1061.0, nan]",55.79,"[12.68, 12.88, 9.72, nan]","[4.52, 5.6, 6.53, nan]",3648.0,185.0,738.0,647132.0,2.49
A042670,두산인프라코어,3,8340.0,15280,12284,11431,-37.06,11.83,True,-83.21,-47.29,18007.0,3944826.0,"[15937.0, 19169.0, 22226.0, 25509.0]",35.0,"[8.13, 14.04, 11.59, 7.41]","[12.14, 6.41, 4.82, 9.92]",81858.0,8404.0,1153.0,505.0,
A210540,디와이파워,3,11700.0,22841,18210,16890,-44.36,12.03,True,-95.22,-55.64,1292.0,109177.0,"[1281.0, 1502.0, 1670.0, nan]",38.46,"[26.71, 18.33, 12.03, nan]","[6.87, 6.15, 5.84, nan]",3435.0,259.0,1728.0,5857.0,1.98
A010960,삼호개발,3,4145.0,12113,9814,9159,-120.97,11.65,True,-192.24,-136.77,1036.0,71797.0,"[1645.0, 1797.0, 1906.0, nan]",32.44,"[13.77, 12.09, 11.65, nan]","[5.32, 6.06, 5.16, nan]",3646.0,236.0,863.0,2000000.0,4.27
A007340,디티알오토모티브,3,23850.0,100791,82202,76905,-222.45,11.5,True,-322.61,-244.66,2384.0,9396.0,"[4941.0, 5425.0, 6020.0, nan]",51.25,"[7.77, 10.76, 11.5, nan]","[13.89, 5.73, 4.46, nan]",9298.0,802.0,6584.0,1375880.0,5.11
A138040,메리츠금융지주,3,10000.0,40575,28742,25370,-153.7,15.49,True,-305.75,-187.42,13401.0,153929.0,"[20576.0, 24734.0, 27485.0, nan]",72.25,"[19.4, 13.87, 15.26, nan]","[5.81, 5.18, 4.15, nan]",18316.0,9623.0,2841.0,2385670.0,4.66
A008560,메리츠증권,3,3750.0,11005,8114,7291,-94.41,14.16,True,-193.48,-116.38,25349.0,2429113.0,"[32129.0, 33734.0, 39195.0, 44740.0]",49.59,"[13.79, 13.0, 15.06, 12.28]","[8.18, 7.11, 4.8, 5.25]",11587.0,6799.0,789.0,43138182.0,5.28
A000060,메리츠화재,3,14700.0,36168,26820,24156,-64.33,13.99,True,-146.04,-82.45,17732.0,511862.0,"[17732.0, 22765.0, 24324.0, 26480.0]",56.32,"[22.54, 11.55, 12.76, 15.18]","[6.76, 10.46, 6.75, 4.37]",80830.0,3528.0,2643.0,2600822.0,4.76
A007120,미래아이앤지,3,352.0,1525,933,765,-117.24,22.51,True,-333.34,-165.16,456.0,828837.0,"[656.0, 551.0, 695.0, nan]",24.76,"[-4.64, -17.96, 22.51, nan]","[nan, nan, 3.0, nan]",75.0,1.0,108.0,799813.0,
A001340,백광산업,3,3370.0,5263,4378,4125,-22.42,11.07,True,-56.18,-29.9,1514.0,459201.0,"[1302.0, 1539.0, 1673.0, nan]",43.98,"[5.06, 15.71, 9.98, nan]","[18.75, 5.01, 6.89, nan]",1684.0,212.0,357.0,769300.0,3.05
A003960,사조대림,3,16100.0,104237,67569,57121,-254.79,19.23,True,-547.43,-319.68,1475.0,105158.0,"[2123.0, 2226.0, 3176.0, nan]",47.43,"[14.53, 4.56, 30.57, nan]","[5.11, 14.55, 1.52, nan]",13297.0,496.0,10553.0,1814170.0,0.94
A006090,사조오양,3,9820.0,19461,18455,18168,-85.01,8.72,True,-98.17,-87.93,925.0,43042.0,"[1487.0, 1557.0, 1676.0, nan]",60.53,"[17.32, 5.23, 8.18, nan]","[5.15, 11.52, 5.4, nan]",3136.0,226.0,1402.0,3.0,1.32
A002170,삼양통상,3,63500.0,169199,136849,127631,-100.99,11.69,True,-166.46,-115.51,1905.0,3141.0,"[2716.0, 2928.0, 3287.0, nan]",54.39,"[9.56, 8.96, 14.22, nan]","[4.95, 5.06, 4.07, nan]",1921.0,494.0,14733.0,150575.0,1.67
A047040,대우건설,3,3530.0,8124,6838,6472,-83.33,10.82,False,-130.13,-93.71,14671.0,1345833.0,"[22426.0, 22819.0, 24587.0, 27128.0]",50.76,"[12.12, 13.2, 8.8, 9.49]","[9.5, 7.5, 9.44, 5.98]",86519.0,3641.0,502.0,4736918.0,
A001880,대림건설,3,28050.0,55896,34785,28769,-2.56,21.46,True,-99.27,-24.01,6186.0,106396.0,"[3226.0, 3676.0, 4578.0, nan]",66.36,"[22.24, 18.7, 23.04, nan]","[3.52, 3.39, 3.17, nan]",12799.0,1430.0,6265.0,371.0,2.02
A023590,다우기술,3,21750.0,48385,37869,34873,-60.33,12.49,True,-122.46,-74.11,9758.0,291603.0,"[10570.0, 11999.0, 13362.0, nan]",46.72,"[11.53, 9.78, 14.61, nan]","[7.54, 7.66, 4.6, nan]",32455.0,5075.0,4130.0,1600000.0,2.11
A002350,넥센타이어,3,5840.0,16461,16282,16231,-177.93,8.12,True,-181.86,-178.8,5704.0,294140.0,"[13355.0, 14248.0, 15543.0, 15779.0]",65.97,"[9.88, 7.5, 7.94, 1.94]","[9.77, 9.22, 8.04, 20.03]",20223.0,2074.0,1135.0,1504451.0,1.15
A139130,DGB금융지주,3,7500.0,27627,27428,27371,-264.95,8.07,True,-268.36,-265.71,12686.0,539246.0,"[39052.0, 43369.0, 46170.0, 49643.0]",10.87,"[7.97, 9.25, 7.31, 6.49]","[5.9, 3.69, 3.68, 4.08]",21943.0,4322.0,1936.0,1.0,5.76
A006360,GS건설,3,32900.0,73325,59344,55360,-68.27,11.67,True,-122.87,-80.38,26352.0,359274.0,"[31673.0, 35485.0, 39747.0, 42742.0]",25.69,"[-5.22, 17.34, 11.79, 10.29]","[nan, 5.97, 5.61, 6.21]",104166.0,7673.0,5535.0,692595.0,3.22
A175330,JB금융지주,3,5680.0,23209,19992,19075,-235.83,10.36,True,-308.6,-251.96,11189.0,344557.0,"[24295.0, 31317.0, 34699.0, 37399.0]",10.57,"[7.86, 8.69, 10.36, 9.6]","[5.1, 3.89, 3.16, 3.23]",18925.0,4849.0,1736.0,2638818.0,5.46
A105560,KB금융,3,47950.0,112713,104412,102047,-112.82,9.08,True,-135.06,-117.75,199380.0,1215135.0,"[340387.0, 357039.0, 385339.0, 415304.0]",9.96,"[10.18, 8.78, 8.92, 8.53]","[8.01, 6.35, 6.01, 5.84]",146392.0,44906.0,7923.0,26173585.0,4.64
A001390,KG케미칼,3,20000.0,57171,38816,33586,-67.93,17.11,True,-185.85,-94.08,2603.0,162670.0,"[2433.0, 2472.0, 3411.0, nan]",46.62,"[1.88, 1.37, 32.69, nan]","[67.63, 64.56, 1.59, nan]",20684.0,1180.0,7569.0,200910.0,2.92
A044450,KSS해운,3,10300.0,14257,13149,12834,-24.6,9.15,False,-38.42,-27.66,2388.0,176925.0,"[2274.0, 2494.0, 2788.0, nan]",30.26,"[11.09, 8.73, 8.79, nan]","[8.19, 7.22, 7.72, nan]",2312.0,529.0,1001.0,726754.0,3.49
A030210,KTB투자증권,3,3160.0,9819,9718,9689,-206.6,8.11,True,-210.74,-207.52,1906.0,238409.0,"[4844.0, 5196.0, 5717.0, nan]",23.85,"[7.66, 6.73, 9.18, nan]","[7.65, 6.19, 3.3, nan]",2336.0,375.0,710.0,1069813.0,6.4
A005940,NH투자증권,3,11200.0,19805,19431,19325,-72.54,8.23,False,-76.83,-73.49,31518.0,1159126.0,"[48306.0, 50476.0, 53851.0, 58113.0]",49.12,"[7.39, 7.31, 9.12, 10.47]","[11.92, 10.86, 8.02, 5.74]",13873.0,5754.0,1584.0,683671.0,3.94
A036530,S&T홀딩스,3,14700.0,57165,53996,53093,-261.18,8.78,True,-288.88,-267.32,2397.0,6775.0,"[5997.0, 6586.0, 7662.0, nan]",63.17,"[1.14, 4.36, 8.78, nan]","[37.78, 7.72, 4.03, nan]",15121.0,1263.0,3835.0,1538384.0,3.24
A009160,SIMPAC,3,2445.0,8479,7996,7858,-221.4,8.8,True,-246.79,-227.03,1600.0,53753.0,"[2408.0, 4350.0, 4412.0, nan]",60.01,"[5.36, 20.48, 2.17, nan]","[9.31, 1.67, 20.31, nan]",4301.0,111.0,145.0,7943224.0,2.04
A034730,SK,3,220000.0,368380,338719,330267,-50.12,9.2,False,-67.45,-53.96,154793.0,228901.0,"[136601.0, 166275.0, 166858.0, 170063.0]",29.55,"[12.53, 14.88, 4.31, 0.97]","[11.97, 8.18, 25.91, 95.74]",992646.0,39499.0,10113.0,18055950.0,1.91
A006120,SK디스커버리,3,68100.0,183471,126375,110106,-61.68,16.53,True,-169.41,-85.57,12965.0,107799.0,"[10936.0, 14495.0, 16827.0, nan]",45.11,"[53.52, 5.56, 11.52, nan]","[1.81, 6.62, 2.96, nan]",50211.0,1739.0,8844.0,12137.0,2.68
A017670,SK텔레콤,3,235000.0,389831,348123,336239,-43.08,9.7,False,-65.89,-48.14,189752.0,450825.0,"[178421.0, 224708.0, 229568.0, 238031.0]",26.78,"[15.38, 15.52, 3.92, 5.94]","[8.29, 6.96, 21.59, 13.66]",177437.0,11100.0,11021.0,9098558.0,4.2
A077970,STX엔진,3,7180.0,13278,11505,10999,-53.19,10.25,True,-84.93,-60.23,1652.0,59863.0,"[993.0, 2212.0, 2375.0, nan]",84.42,"[-6.48, 17.41, 8.89, nan]","[nan, 6.69, 9.2, nan]",6106.0,300.0,737.0,9297.0,
A013580,계룡건설,3,24400.0,124637,80506,67930,-178.4,19.41,True,-410.81,-229.94,2179.0,96011.0,"[3380.0, 3914.0, 4534.0, nan]",41.68,"[16.7, 24.46, 16.94, nan]","[2.95, 2.18, 2.53, nan]",22757.0,1359.0,8013.0,73110.0,2.96
A010130,고려아연,3,388500.0,457026,410718,397523,-2.32,9.59,True,-17.64,-5.72,73310.0,30050.0,"[59603.0, 62500.0, 67154.0, 70977.0]",48.37,"[10.96, 8.64, 9.76, 8.9]","[14.79, 15.47, 12.67, 11.93]",66948.0,8053.0,33541.0,1195760.0,3.29
A030610,교보증권,3,8100.0,17186,15943,15589,-92.46,9.06,True,-112.17,-96.83,5237.0,59262.0,"[8158.0, 8814.0, 9609.0, nan]",73.16,"[9.39, 9.11, 9.06, nan]","[4.45, 4.25, 3.98, nan]",3064.0,1104.0,2319.0,1093598.0,4.34
A007690,국도화학,3,49900.0,96896,95668,95319,-91.02,8.14,True,-94.18,-91.72,2900.0,143364.0,"[4582.0, 4886.0, 5166.0, nan]",24.58,"[9.18, 9.5, 6.89, nan]","[8.92, 5.9, 7.9, nan]",11214.0,421.0,5958.0,364289.0,3.19
A014530,극동유화,3,3530.0,6046,5415,5235,-48.3,9.65,True,-71.26,-53.39,1231.0,584952.0,"[1484.0, 1599.0, 1682.0, nan]",43.36,"[10.48, 10.57, 8.75, nan]","[7.85, 7.05, 8.37, nan]",7956.0,167.0,412.0,1200000.0,4.64
A002810,삼영무역,3,13950.0,25474,22675,21878,-56.83,9.75,True,-82.61,-62.55,2576.0,12884.0,"[3090.0, 3338.0, 3607.0, nan]",42.92,"[9.58, 8.99, 10.32, nan]","[10.24, 8.58, 8.19, nan]",2742.0,92.0,1941.0,1138844.0,2.1
A004000,롯데정밀화학,3,56400.0,93621,72592,66600,-18.09,12.73,True,-65.99,-28.71,14551.0,263768.0,"[11927.0, 13779.0, 14931.0, 16068.0]",31.13,"[7.74, 16.72, 11.73, 10.62]","[18.77, 4.93, 6.92, 8.84]",13113.0,1897.0,6526.0,330000.0,3.77
A004170,신세계,3,230500.0,713216,524532,470767,-104.24,14.24,True,-209.42,-127.56,22693.0,73231.0,"[34218.0, 34691.0, 39265.0, 35727.0]",28.57,"[5.48, 6.94, 14.24, -1.29]","[16.2, 10.55, 5.4, nan]",63942.0,4678.0,53472.0,8774.0,0.69
A004490,세방전지,3,41950.0,84822,81180,80143,-91.04,8.58,True,-102.2,-93.52,5873.0,153936.0,"[8897.0, 9820.0, 10542.0, nan]",41.48,"[7.76, 10.32, 7.7, nan]","[7.52, 5.21, 6.66, nan]",11390.0,1057.0,5597.0,615220.0,1.34
A053210,스카이라이프,3,9030.0,14791,14735,14719,-63.0,8.02,True,-63.79,-63.18,4318.0,72445.0,"[5778.0, 6613.0, 6991.0, 7440.0]",50.0,"[10.25, 8.33, 8.02, 9.14]","[11.21, 10.65, 7.64, 6.55]",6946.0,694.0,1141.0,258613.0,4.01
A002870,신풍제지,3,3065.0,10121,5543,4238,-38.28,32.25,True,-230.21,-80.84,1071.0,7548359.0,"[443.0, 525.0, 693.0, nan]",34.87,"[2.16, 18.04, 32.25, nan]","[31.03, 5.22, 2.66, nan]",1569.0,114.0,562.0,7252320.0,4.01
A120030,조선선재,3,111500.0,168536,130872,120139,-7.75,12.69,True,-51.15,-17.37,1402.0,9552.0,"[975.0, 1026.0, 1105.0, nan]",51.84,"[16.58, 11.75, 12.02, nan]","[6.79, 8.45, 8.11, nan]",640.0,141.0,10187.0,213717.0,1.82
A035510,신세계 I&C,3,123000.0,137330,126637,123590,-0.48,9.16,True,-11.65,-2.96,2116.0,16357.0,"[1663.0, 1923.0, 1992.0, nan]",35.87,"[5.98, 16.32, 5.44, nan]","[14.29, 6.64, 17.35, nan]",4560.0,185.0,6196.0,53509.0,1.86
A011330,유니켐,3,1380.0,3290,2052,1699,-23.08,21.34,True,-138.43,-48.66,948.0,288008.0,"[349.0, 586.0, 833.0, nan]",18.61,"[18.54, 23.1, 21.11, nan]","[11.42, 8.32, 8.12, nan]",1088.0,179.0,223.0,907818.0,
A015020,이스타코,3,614.0,4026,2363,1889,-207.58,25.52,True,-555.71,-284.78,263.0,52331.0,"[413.0, 369.0, 489.0, nan]",39.42,"[-4.42, -10.62, 25.52, nan]","[nan, nan, 2.77, nan]",238.0,39.0,256.0,3960641.0,
A006740,영풍제지,3,5550.0,7911,7244,7054,-27.09,9.27,True,-42.54,-30.52,1232.0,6497189.0,"[977.0, 1111.0, 1195.0, nan]",54.44,"[4.04, 13.72, 8.05, nan]","[16.6, 5.27, 7.45, nan]",997.0,109.0,418.0,4627676.0,1.28
A029460,케이씨,3,25150.0,151023,82013,62348,-147.91,33.28,True,-500.49,-226.09,3409.0,50275.0,"[2127.0, 3650.0, 4498.0, nan]",40.67,"[27.73, 67.41, 12.38, 14.23]","[10.13, 0.82, 5.01, 5.33]",5119.0,676.0,3722.0,1116836.0,1.34
A035000,지투알,3,5870.0,12250,10187,9599,-63.53,11.07,True,-108.69,-73.55,973.0,58372.0,"[1219.0, 1304.0, 1429.0, nan]",35.0,"[8.71, 12.11, 11.17, nan]","[14.62, 8.16, 7.11, nan]",5421.0,219.0,921.0,359765.0,4.58
A055550,신한지주,3,34050.0,86952,80281,78380,-130.19,9.14,True,-155.37,-135.77,175877.0,1791934.0,"[328202.0, 357256.0, 391779.0, 437424.0]",9.12,"[9.13, 9.21, 9.09, 8.21]","[8.03, 5.95, 6.19, 5.07]",157074.0,50463.0,7004.0,3926.0,4.27
A033660,아주캐피탈,3,12500.0,23877,18346,16771,-34.16,12.97,True,-91.02,-46.77,7193.0,48603.0,"[7032.0, 7524.0, 8140.0, 8520.0]",74.05,"[7.23, 12.5, 12.97, 13.63]","[7.71, 5.4, 7.05, 6.34]",2293.0,1338.0,1765.0,2067090.0,5.22
A003070,코오롱글로벌,3,19750.0,24992,21119,20016,-1.35,10.74,True,-26.54,-6.93,4979.0,288730.0,"[4654.0, 4426.0, 4660.0, 5470.0]",76.59,"[3.38, 3.59, 10.74, 18.15]","[14.84, 11.15, 5.07, 5.48]",34841.0,1256.0,1911.0,84095.0,3.61
A016590,신대양제지,3,59400.0,234788,159385,137900,-132.15,17.12,True,-295.27,-168.33,2394.0,94919.0,"[2753.0, 3644.0, 4184.0, nan]",53.49,"[10.37, 24.79, 14.26, nan]","[4.96, 3.01, 4.3, nan]",6468.0,947.0,13849.0,201500.0,1.05
A192400,쿠쿠홀딩스,3,96300.0,168361,132327,122059,-26.75,12.38,False,-74.83,-37.41,6849.0,6758.0,"[3578.0, 6095.0, 6737.0, nan]",69.07,"[96.96, 17.49, 12.38, nan]","[2.69, 9.04, 9.4, nan]",5283.0,745.0,11168.0,896760.0,2.86
A161000,애경유화,3,9530.0,12445,11881,11721,-22.99,8.62,True,-30.59,-24.67,3053.0,203854.0,"[3042.0, 3450.0, 3632.0, nan]",49.47,"[23.22, 16.36, 8.62, 12.47]","[8.64, 4.77, 8.61, 6.74]",10170.0,469.0,952.0,475850.0,4.27
A111770,영원무역,3,30200.0,47931,44383,43372,-43.62,9.09,True,-58.71,-46.96,13382.0,105414.0,"[12295.0, 15446.0, 18435.0, 19987.0]",50.74,"[8.78, 8.15, 9.82, 9.35]","[12.84, 15.03, 9.13, 7.45]",23883.0,2376.0,3753.0,445407.0,1.17
A009970,영원무역홀딩스,3,37650.0,142800,128232,124081,-229.56,9.6,True,-279.28,-240.59,5134.0,15402.0,"[8878.0, 11452.0, 13758.0, nan]",46.24,"[8.2, 8.49, 9.6, nan]","[10.57, 9.88, 5.43, nan]",27380.0,2990.0,8870.0,2030694.0,2.07
A264900,크라운제과,3,8790.0,20788,15398,13862,-57.71,14.02,True,-136.5,-75.18,1101.0,8445.0,"[1208.0, 1282.0, 1420.0, nan]",61.68,"[nan, 10.99, 14.02, nan]","[13.54, 9.04, 6.1, nan]",3866.0,265.0,1424.0,507681.0,2.88
A040160,누리텔레콤,2,7850.0,10603,7864,7084,9.76,13.98,True,-35.07,-0.18,946.0,68297.0,"[492.0, 609.0, 683.0, nan]",40.68,"[-11.22, 21.34, 13.73, 6.73]","[nan, 5.77, 7.46, 20.57]",1479.0,116.0,736.0,757550.0,0.91
A097950,CJ제일제당,2,366500.0,439681,375045,356627,2.69,10.55,False,-19.97,-2.33,55174.0,51723.0,"[33749.0, 47828.0, 48809.0, 57050.0]",45.51,"[10.91, 21.46, 3.16, 15.16]","[14.33, 6.1, 27.12, 7.48]",223525.0,8969.0,9312.0,357302.0,1.39
A091440,텔레필드,2,3370.0,3926,3449,3313,1.69,9.99,True,-16.51,-2.34,309.0,51954.0,"[250.0, 223.0, 270.0, nan]",19.82,"[2.11, -52.2, 19.28, nan]","[39.43, nan, 6.53, nan]",565.0,57.0,522.0,554681.0,
A170900,동아에스티,2,85900.0,111213,90382,84446,1.69,11.58,True,-29.47,-5.22,7253.0,22105.0,"[5812.0, 5794.0, 6459.0, 6810.0]",38.98,"[-0.92, 1.38, 11.58, 6.78]","[nan, 110.18, 14.17, 16.12]",6123.0,566.0,8398.0,5478.0,0.84
A091700,파트론,2,10150.0,16231,10633,9038,10.96,18.71,True,-59.91,-4.76,5497.0,767202.0,"[3042.0, 2981.0, 3537.0, 3644.0]",26.45,"[0.26, 3.09, 18.71, 7.69]","[618.26, 47.68, 11.72, 19.92]",12546.0,1052.0,1126.0,3000000.0,2.65
A110790,크리스에프앤씨,2,22400.0,29560,23826,22192,0.93,11.77,True,-31.97,-6.37,2624.0,4362.0,"[1218.0, 2049.0, 2170.0, 2487.0]",40.12,"[32.15, 20.69, 11.77, 15.59]","[nan, 7.78, 8.94, 7.23]",2595.0,377.0,2119.0,874441.0,2.11
A019590,엠벤처투자,2,1110.0,1874,1118,903,18.68,24.26,True,-68.85,-0.73,671.0,488262.0,"[221.0, 284.0, 377.0, nan]",16.33,"[-25.01, 8.48, 24.26, nan]","[nan, 39.18, 10.46, nan]",152.0,94.0,133.0,3012.0,
A097520,엠씨넥스,2,36850.0,76247,38088,27215,26.15,47.71,True,-106.91,-3.36,6583.0,281439.0,"[980.0, 1297.0, 2246.0, 2711.0]",27.99,"[-1.1, 26.19, 47.71, 21.76]","[nan, 7.48, 7.98, 12.21]",12677.0,1131.0,4731.0,230000.0,1.32
A023450,동남합성,2,39000.0,68297,39730,31590,19.0,26.23,True,-75.12,-1.87,1408.0,3540.0,"[512.0, 615.0, 745.0, nan]",55.01,"[2.75, 10.39, 26.23, nan]","[53.38, 13.63, 5.05, nan]",1261.0,98.0,4925.0,20000.0,0.8
A000660,SK하이닉스,2,98800.0,185521,116155,96389,2.44,21.1,False,-87.77,-17.57,719266.0,1976047.0,"[338153.0, 468457.0, 479284.0, 509316.0]",20.07,"[36.8, 38.53, 4.25, 7.41]","[5.23, 2.83, 34.03, 19.64]",269907.0,27127.0,2766.0,44000570.0,1.06
A010050,우리종금,2,561.0,824,581,512,8.69,15.63,True,-46.89,-3.63,4904.0,1837590.0,"[2848.0, 3152.0, 3673.0, nan]",58.75,"[8.37, 11.12, 15.63, nan]","[12.77, 15.15, 8.01, nan]",2051.0,539.0,78.0,69076.0,
A010780,아이에스동서,2,44150.0,63513,47027,42330,4.12,14.03,True,-43.86,-6.52,13639.0,91480.0,"[10647.0, 10667.0, 10983.0, 11577.0]",54.69,"[19.87, 23.01, 6.1, 9.68]","[5.5, 3.86, 15.41, 12.49]",9641.0,662.0,2138.0,447941.0,2.12
A011780,금호석유,2,143000.0,209399,147076,129317,9.57,15.79,True,-46.43,-2.85,43569.0,258403.0,"[18427.0, 23473.0, 26286.0, 30690.0]",24.87,"[12.34, 23.45, 11.84, 17.9]","[15.6, 5.95, 8.81, 9.39]",49779.0,3678.0,8796.0,5592528.0,1.94
A057540,옴니시스템,2,2695.0,4012,2972,2676,0.7,14.01,True,-48.87,-10.29,1174.0,929000.0,"[723.0, 755.0, 946.0, nan]",19.93,"[9.07, 4.31, 22.13, 1.06]","[14.97, 22.53, 4.24, 117.43]",940.0,-20.0,463.0,2105261.0,
A204270,제이앤티씨,2,11250.0,22666,12125,9121,18.92,35.27,False,-101.48,-7.78,6508.0,165998.0,"[1795.0, 2049.0, 2923.0, 4420.0]",71.38,"[3.28, 14.63, 35.27, 23.61]","[nan, nan, nan, 7.38]",3862.0,955.0,1691.0,779845.0,
A104460,디와이피엔에프,2,16650.0,32416,17251,12930,22.34,36.0,True,-94.69,-3.61,1784.0,42830.0,"[535.0, 489.0, 686.0, nan]",49.34,"[-4.73, 20.26, 36.0, 38.78]","[nan, 5.08, 5.98, 6.71]",1656.0,283.0,1974.0,1154603.0,2.97
A264660,씨앤지하이테크,2,12250.0,19874,12929,10950,10.62,19.05,True,-62.23,-5.54,1030.0,99303.0,"[260.0, 565.0, 674.0, nan]",33.44,"[40.14, 24.08, 19.05, nan]","[nan, 4.87, 6.3, nan]",1288.0,145.0,1404.0,299270.0,1.7
A225190,삼양옵틱스,2,9450.0,18666,9797,7270,23.07,38.1,True,-97.52,-3.67,954.0,29816.0,"[357.0, 361.0, 393.0, nan]",68.13,"[51.21, 34.73, 35.97, nan]","[10.17, 10.35, 9.47, nan]",636.0,157.0,1347.0,28580.0,7.84
A002410,범양건영,2,5200.0,11609,6328,4823,7.25,32.82,True,-123.25,-21.69,1291.0,520238.0,"[432.0, 501.0, 700.0, nan]",33.22,"[2.57, 11.62, 32.82, nan]","[38.91, 7.04, 4.12, nan]",2761.0,115.0,794.0,2030.0,
A039490,키움증권,2,128000.0,193365,138949,123444,3.56,14.99,True,-51.07,-8.55,28386.0,125545.0,"[15246.0, 20415.0, 22340.0, 26909.0]",48.74,"[17.36, 10.84, 16.97, 22.61]","[8.06, 10.09, 5.56, 5.84]",8651.0,4737.0,14287.0,500000.0,2.52
A134380,미원화학,2,61400.0,78955,61743,56838,7.43,12.51,True,-28.59,-0.56,1350.0,1086.0,"[833.0, 898.0, 1021.0, nan]",54.91,"[15.82, 8.51, 14.07, nan]","[9.48, 12.81, 7.23, nan]",1547.0,155.0,6167.0,169768.0,2.24
A236200,슈프리마,2,28200.0,50665,31679,26269,6.85,21.18,True,-79.66,-12.34,2029.0,37688.0,"[972.0, 1086.0, 1364.0, nan]",30.38,"[9.8, 11.06, 21.18, nan]","[18.23, 16.17, 9.29, nan]",721.0,246.0,3643.0,38881.0,
A192440,슈피겐코리아,2,64000.0,88979,64862,57990,9.39,14.52,True,-39.03,-1.35,3978.0,39494.0,"[2214.0, 2613.0, 2945.0, 3561.0]",40.99,"[19.59, 17.7, 14.52, 21.1]","[6.94, 7.61, 7.86, 5.8]",3086.0,441.0,6489.0,186531.0,2.55
A131030,디에이치피코리아,2,7910.0,11402,8585,7783,1.61,13.54,True,-44.15,-8.54,1310.0,50192.0,"[866.0, 949.0, 1077.0, nan]",38.38,"[15.92, 11.03, 14.41, nan]","[10.19, 14.34, 8.77, nan]",604.0,152.0,881.0,523536.0,1.29
A053610,프로텍,2,30400.0,50002,32679,27743,8.74,18.82,True,-64.48,-7.5,3344.0,306872.0,"[1457.0, 1655.0, 2068.0, nan]",31.25,"[19.78, 16.67, 19.94, nan]","[7.29, 4.68, 4.6, nan]",1798.0,460.0,3502.0,1232000.0,2.48
A248170,샘표식품,2,46050.0,80105,52632,44804,2.71,18.57,True,-73.95,-14.29,2104.0,9692.0,"[1151.0, 1317.0, 1570.0, nan]",60.02,"[10.51, 14.58, 18.57, nan]","[13.86, 7.07, 5.79, nan]",2808.0,310.0,5870.0,1690.0,0.59
A339950,아이비김영,2,1600.0,3440,1608,1086,32.12,70.1,False,-114.98,-0.5,680.0,105518.0,"[26.0, 96.0, 159.0, nan]",67.97,"[53.56, 106.81, 51.13, nan]","[nan, nan, nan, nan]",547.0,73.0,157.0,1832829.0,
A033780,KT&G,2,84400.0,110277,85908,78964,6.44,12.61,True,-30.66,-1.79,115875.0,483329.0,"[77721.0, 80793.0, 86506.0, 90808.0]",12.44,"[15.71, 11.38, 12.39, 12.31]","[13.63, 15.46, 12.42, 10.62]",49632.0,13820.0,7549.0,13212574.0,4.69
A035600,KG이니시스,1,20000.0,25404,15770,13025,34.88,21.61,True,-27.02,21.15,5581.0,122782.0,"[1869.0, 2133.0, 2494.0, nan]",41.03,"[-0.21, 17.61, 21.61, nan]","[nan, 12.19, 9.49, nan]",9561.0,861.0,1792.0,1285946.0,1.94
A256150,한독크린텍,1,25100.0,26536,15877,12840,48.84,24.04,True,-5.72,36.74,1027.0,17340.0,"[120.0, 159.0, 312.0, nan]",41.11,"[23.47, 29.83, 20.38, nan]","[nan, nan, 11.47, nan]",484.0,61.0,1356.0,543850.0,1.29
A036890,진성티이씨,1,10300.0,14550,10012,8719,15.35,16.57,True,-41.26,2.8,2316.0,215876.0,"[1030.0, 1206.0, 1397.0, 1529.0]",36.15,"[9.9, 19.4, 16.91, 10.53]","[23.68, 7.77, 7.09, 15.04]",3556.0,299.0,979.0,2517977.0,2.88
A284740,쿠쿠홈시스,1,38800.0,39064,27212,23835,38.57,16.1,True,-0.68,29.87,8706.0,102378.0,"[3516.0, 3717.0, 4336.0, 5340.0]",75.44,"[nan, 9.51, 16.1, 18.4]","[nan, 23.15, 14.95, 9.78]",6637.0,1206.0,2890.0,14950.0,1.3
A013700,까뮤이앤씨,1,2140.0,2784,2073,1870,12.62,13.87,True,-30.1,3.15,966.0,2137006.0,"[591.0, 596.0, 709.0, nan]",37.01,"[15.31, 2.93, 20.68, nan]","[5.41, 34.54, 4.25, nan]",2834.0,148.0,299.0,840000.0,2.36
A281820,케이씨텍,1,24800.0,25351,18430,16458,33.64,14.61,True,-2.22,25.68,4920.0,235226.0,"[2050.0, 2570.0, 2885.0, nan]",49.9,"[nan, 23.54, 13.52, nan]","[37.84, 3.46, 12.57, nan]",2653.0,491.0,1858.0,4778.0,0.86
A007700,F&F,1,84800.0,110319,62978,49488,41.64,27.89,True,-30.09,25.73,13059.0,123830.0,"[2960.0, 3941.0, 4830.0, 5444.0]",58.82,"[28.66, 31.64, 25.13, 15.84]","[8.63, 5.65, 15.65, 16.05]",9103.0,1507.0,7156.0,79896.0,0.89
A024060,흥구석유,1,7320.0,7475,6165,5792,20.87,11.25,True,-2.11,15.77,1098.0,985720.0,"[698.0, 704.0, 770.0, nan]",34.22,"[2.97, 3.38, 11.25, nan]","[20.16, 17.12, 9.7, nan]",1507.0,5.0,553.0,459183.0,2.8
A137950,제이씨케미칼,1,7030.0,7390,5516,4982,29.13,13.79,True,-5.12,21.54,1565.0,655957.0,"[671.0, 714.0, 938.0, nan]",43.74,"[0.23, 6.16, 13.79, nan]","[509.98, 18.09, 11.7, nan]",2024.0,130.0,513.0,305361.0,1.0
A166090,하나머티리얼즈,1,24900.0,25663,14746,11634,53.28,27.3,True,-3.07,40.78,4887.0,133359.0,"[855.0, 1197.0, 1454.0, nan]",45.02,"[30.56, 35.33, 20.86, nan]","[16.86, 6.37, 13.45, nan]",1548.0,409.0,1409.0,220834.0,1.06
A036670,KCI,1,10250.0,14362,9368,7945,22.49,18.92,True,-40.12,8.6,1155.0,32763.0,"[490.0, 556.0, 651.0, nan]",50.02,"[8.29, 17.09, 18.92, nan]","[24.35, 9.81, 10.71, nan]",696.0,145.0,1013.0,509800.0,1.84
A033290,코웰패션,1,5650.0,8344,5089,4162,26.34,22.72,True,-47.68,9.93,5000.0,181333.0,"[1665.0, 2085.0, 2439.0, 2855.0]",70.83,"[29.71, 26.8, 22.72, 21.71]","[11.15, 8.57, 9.93, 8.75]",3947.0,761.0,568.0,5171107.0,1.77
A083450,GST,1,17300.0,25577,17040,14608,15.56,17.93,True,-47.84,1.5,1612.0,428579.0,"[740.0, 810.0, 993.0, nan]",25.95,"[23.25, 12.42, 19.83, nan]","[7.52, 4.3, 5.32, nan]",1682.0,219.0,1918.0,583500.0,1.96
A068790,DMS,1,8790.0,9577,8042,7605,13.48,10.87,True,-8.96,8.51,2027.0,538501.0,"[1352.0, 1515.0, 1660.0, 1907.0]",22.29,"[2.91, 10.61, 10.87, 14.66]","[39.38, 6.94, 7.31, 8.26]",1962.0,227.0,749.0,933797.0,1.37
A001630,종근당홀딩스,1,105500.0,109280,100021,97383,7.69,9.28,True,-3.58,5.19,5285.0,55982.0,"[4089.0, 4293.0, 4689.0, 5263.0]",45.98,"[12.48, 6.55, 10.03, 12.58]","[7.57, 11.4, 11.24, 8.44]",7206.0,862.0,8988.0,14661.0,1.29
A077500,유니퀘스트,1,11700.0,12700,9865,9058,22.58,12.68,True,-8.55,15.68,3195.0,518867.0,"[1777.0, 1881.0, 2133.0, nan]",45.08,"[5.48, 6.55, 12.68, 7.13]","[26.75, 14.45, 7.14, 20.99]",3353.0,69.0,935.0,586113.0,2.25
A124560,태웅로직스,1,5210.0,8113,4597,3596,30.98,28.59,True,-55.72,11.76,920.0,901059.0,"[155.0, 214.0, 412.0, nan]",42.18,"[0, 39.83, 30.62, nan, nan]","[nan, nan, 8.1, nan]",2861.0,150.0,631.0,1322223.0,0.98
A066700,테라젠이텍스,1,10300.0,10890,6903,5767,44.01,20.4,True,-5.73,32.98,3339.0,316230.0,"[869.0, 809.0, 1359.0, nan]",16.89,"[1.6, -12.18, 40.27, nan]","[260.15, nan, 5.95, nan]",1381.0,37.0,1408.0,469056.0,
A081660,휠라홀딩스,1,42050.0,62126,37293,30217,28.14,23.81,True,-47.74,11.31,25546.0,508003.0,"[7990.0, 9917.0, 12497.0, 14379.0]",21.64,"[7.53, 16.03, 23.81, 14.47]","[15.85, 22.78, 12.14, 13.15]",34504.0,4707.0,4365.0,657840.0,0.41
A318010,팜스빌,1,11100.0,14025,9841,8648,22.09,15.83,True,-26.35,11.35,880.0,68932.0,"[191.0, 269.0, 554.0, nan]",70.37,"[0, 21.05, 17.63, nan, 13.26]","[nan, nan, 10.71, nan]",300.0,71.0,1092.0,82908.0,1.71
A215200,메가스터디교육,1,38600.0,47651,31628,27063,29.89,18.1,False,-23.45,18.06,4571.0,60747.0,"[1786.0, 2132.0, 2468.0, 2629.0]",34.81,"[5.52, 20.86, 20.45, 10.24]","[13.72, 7.41, 10.42, 17.5]",4373.0,596.0,3985.0,80557.0,2.65
A136540,윈스,1,16900.0,17301,12993,11766,30.38,13.61,True,-2.37,23.12,2061.0,48628.0,"[903.0, 1020.0, 1129.0, nan]",37.91,"[9.08, 12.04, 13.61, nan]","[17.6, 11.33, 11.01, nan]",821.0,154.0,1207.0,1054473.0,2.63
A079370,제우스,1,25100.0,28424,24647,23571,6.09,10.23,True,-13.24,1.8,2606.0,131750.0,"[1812.0, 2100.0, 2239.0, nan]",39.56,"[10.71, 15.7, 6.43, nan]","[9.33, 3.86, 10.13, nan]",3235.0,182.0,1343.0,270028.0,1.47
A027970,세하,1,1890.0,2863,1539,1161,38.57,34.66,True,-51.5,18.59,1088.0,11418786.0,"[186.0, 268.0, 379.0, nan]",50.73,"[-15.84, 23.41, 34.66, nan]","[nan, 6.52, 5.57, nan]",1777.0,141.0,380.0,1305.0,
A040910,아이씨디,1,15750.0,16219,11721,10440,33.72,14.8,True,-2.98,25.58,2827.0,240676.0,"[1341.0, 1314.0, 1471.0, 1915.0]",24.08,"[19.84, 22.47, 8.01, 27.76]","[9.34, 3.76, 30.76, 6.01]",1216.0,143.0,639.0,1104471.0,0.76
A289010,아이스크림에듀,1,9680.0,12251,8462,7382,23.74,16.43,True,-26.56,12.59,1245.0,632303.0,"[337.0, 489.0, 745.0, nan]",45.06,"[23.23, 25.56, 8.07, nan]","[nan, nan, 19.32, nan]",1064.0,54.0,415.0,330577.0,1.25
A134790,시디즈,1,53600.0,65381,37549,29619,44.74,27.34,True,-21.98,29.95,1072.0,4165.0,"[218.0, 251.0, 320.0, nan]",60.72,"[1.42, 17.13, 27.34, nan]","[267.25, 17.97, 11.32, nan]",1929.0,86.0,3907.0,321042.0,0.68
A101240,씨큐브,1,7390.0,8634,7073,6628,10.31,11.4,True,-16.83,4.29,749.0,21428.0,"[470.0, 502.0, 541.0, nan]",31.52,"[8.43, 9.27, 11.4, nan]","[16.6, 11.96, 14.26, nan]",447.0,77.0,586.0,1175576.0,2.03
A109740,디에스케이,1,6990.0,7019,6183,5945,14.95,9.94,True,-0.41,11.54,1423.0,47721.0,"[792.0, 1057.0, 1126.0, nan]",23.63,"[-42.51, 21.27, 5.7, nan]","[nan, 6.8, 29.75, nan]",765.0,55.0,306.0,346805.0,
A065710,서호전기,1,22450.0,28972,20307,17838,20.55,15.87,True,-29.05,9.55,1156.0,14352.0,"[599.0, 623.0, 748.0, nan]",58.01,"[10.47, 8.88, 22.33, nan]","[11.95, 11.15, 7.87, nan]",649.0,122.0,2973.0,9078.0,5.13
A038070,서린바이오,1,13550.0,15255,10751,9467,30.13,15.67,True,-12.58,20.66,1084.0,291531.0,"[515.0, 537.0, 597.0, nan]",30.38,"[4.12, 4.99, 15.67, nan]","[38.63, 28.74, 7.85, nan]",544.0,18.0,1126.0,306080.0,1.06
A003230,삼양식품,1,104500.0,109397,66297,54015,48.31,23.15,True,-4.69,36.56,7872.0,73158.0,"[2001.0, 2309.0, 2837.0, 3579.0]",46.11,"[15.28, 16.16, 23.15, 25.28]","[25.42, 11.25, 11.37, 9.71]",5436.0,783.0,7906.0,409.0,0.89
A054670,대한뉴팜,1,13100.0,15988,8997,7005,46.52,29.27,True,-22.04,31.32,1880.0,150548.0,"[517.0, 431.0, 611.0, nan]",40.1,"[-33.49, 5.18, 29.27, nan]","[nan, 59.07, 9.8, nan]",1341.0,207.0,1062.0,319631.0,
A143240,사람인에이치알,1,25750.0,32031,18836,15077,41.45,25.35,True,-24.39,26.85,3002.0,17762.0,"[757.0, 896.0, 1113.0, 1260.0]",47.69,"[4.56, 20.17, 25.35, 17.62]","[72.84, 12.67, 14.17, 14.36]",936.0,273.0,2188.0,607163.0,1.87
A090460,비에이치,1,22800.0,39180,21076,15918,30.18,34.51,True,-71.84,7.56,7632.0,1287027.0,"[1528.0, 1879.0, 2795.0, 3502.0]",22.0,"[35.84, 49.27, 24.22, 20.47]","[18.41, 6.28, 12.67, 11.84]",6549.0,626.0,1732.0,2586488.0,
A100120,뷰웍스,1,29350.0,34224,23924,20990,28.49,15.97,True,-16.61,18.49,2936.0,47549.0,"[1262.0, 1408.0, 1614.0, 1780.0]",28.46,"[16.6, 15.56, 16.03, 16.15]","[20.84, 15.89, 13.01, 10.71]",1360.0,264.0,2421.0,553176.0,1.27
A038460,바이오스마트,1,8550.0,10732,7586,6689,21.76,15.57,True,-25.52,11.28,1718.0,301159.0,"[648.0, 805.0, 1055.0, nan]",23.2,"[7.79, 7.07, 23.82, nan]","[17.09, 14.61, 3.92, nan]",1590.0,31.0,1107.0,889896.0,1.45
A267980,매일유업,1,70900.0,97739,70854,63193,10.87,14.7,True,-37.86,0.07,5561.0,16556.0,"[2875.0, 3470.0, 4036.0, 4551.0]",56.27,"[nan, 18.39, 17.14, 14.74]","[14.08, 10.46, 10.5, 8.79]",13933.0,853.0,8202.0,227402.0,0.93
A214180,민앤지,1,17100.0,21822,15399,13569,20.65,15.62,True,-27.61,9.95,2114.0,184670.0,"[936.0, 1017.0, 1265.0, nan]",25.94,"[17.03, 14.79, 15.71, nan]","[23.34, 16.33, 11.25, nan]",1237.0,270.0,1329.0,998795.0,1.54
A093520,매커스,1,4800.0,5018,4640,4533,5.57,9.11,True,-4.53,3.33,776.0,61240.0,"[474.0, 522.0, 528.0, nan]",15.93,"[20.63, 18.7, 9.11, nan]","[7.3, 7.13, 12.7, nan]",575.0,59.0,296.0,4135008.0,2.66
A286940,롯데정보통신,1,36800.0,47820,34592,30823,16.24,14.77,True,-29.95,6.0,5666.0,56470.0,"[1968.0, 3488.0, 3904.0, 4183.0]",65.02,"[nan, 9.65, 14.77, 9.73]","[nan, 16.04, 11.21, 14.4]",8457.0,411.0,3679.0,266964.0,1.7
A306040,에스제이그룹,1,15200.0,27394,15195,11719,22.9,30.79,True,-80.22,0.03,1500.0,33135.0,"[70.0, 106.0, 694.0, 835.0]",51.79,"[0, 42.83, 33.03, 20.93, nan]","[nan, nan, 11.28, 9.37]",1095.0,164.0,1785.0,78094.0,0.66
A122310,제노레이,1,10050.0,13702,7974,6343,36.89,26.19,True,-36.34,20.65,1463.0,342063.0,"[243.0, 450.0, 596.0, 727.0]",28.5,"[26.45, 27.35, 25.33, 22.68]","[nan, 8.46, 7.88, 9.75]",651.0,147.0,950.0,260000.0,1.8
A001820,삼화콘덴서,1,58200.0,67410,35855,26863,53.84,36.08,True,-15.82,38.39,6050.0,218954.0,"[681.0, 1264.0, 1528.0, 1760.0]",28.15,"[25.71, 63.52, 21.24, 15.82]","[28.84, 8.95, 18.34, 23.27]",2545.0,373.0,2852.0,134000.0,0.48
A119610,인터로조,1,21500.0,21601,15696,14013,34.82,14.62,True,-0.47,26.99,2511.0,12464.0,"[1024.0, 1213.0, 1315.0, 1473.0]",34.93,"[19.97, 13.05, 13.89, 14.23]","[22.19, 19.14, 17.63, 12.66]",926.0,226.0,1503.0,507392.0,1.1
A041830,인바디,1,18100.0,20816,14752,13024,28.04,15.47,True,-15.0,18.5,2477.0,84371.0,"[1065.0, 1244.0, 1397.0, 1480.0]",28.69,"[19.44, 17.04, 15.47, 10.43]","[28.4, 15.1, 15.84, 16.51]",1171.0,276.0,1493.0,656935.0,0.59
A049720,고려신용정보,1,5990.0,6448,3546,2719,54.6,31.75,False,-7.64,40.8,857.0,70531.0,"[173.0, 192.0, 225.0, nan]",49.02,"[21.07, 25.63, 31.75, nan]","[12.11, 11.6, 10.67, nan]",1165.0,81.0,463.0,398734.0,5.06
A192080,더블유게임즈,1,58800.0,82812,55963,48312,17.84,17.31,True,-40.84,4.82,10804.0,105784.0,"[4046.0, 5183.0, 6472.0, 7618.0]",43.73,"[9.04, 19.02, 18.93, 18.27]","[25.5, 12.28, 8.25, 8.38]",5138.0,1546.0,6040.0,1398976.0,0.7
A086390,유니테스트,1,24800.0,27976,15886,12441,49.83,28.39,True,-12.81,35.94,5241.0,581967.0,"[927.0, 1403.0, 1594.0, 1640.0]",21.07,"[29.34, 44.95, 17.03, 6.96]","[11.19, 4.24, 11.88, 46.59]",1983.0,300.0,1208.0,839709.0,1.74
A203450,유니온커뮤니티,1,3650.0,3945,3123,2889,20.84,12.2,True,-8.09,14.43,536.0,76458.0,"[315.0, 325.0, 346.0, nan]",23.33,"[5.7, 11.14, 12.2, nan]","[24.52, 10.88, 9.97, nan]",410.0,35.0,279.0,1254349.0,2.52
A036200,유니셈,1,7450.0,10194,6698,5702,23.47,18.57,True,-36.83,10.1,2284.0,400300.0,"[891.0, 1084.0, 1287.0, nan]",29.03,"[29.81, 22.72, 18.57, 19.73]","[8.17, 4.42, 7.56, 8.99]",1790.0,240.0,718.0,1248170.0,0.92
A044340,위닉스,1,20600.0,34995,19583,15191,26.26,29.85,True,-69.88,4.94,3682.0,106986.0,"[975.0, 1187.0, 1527.0, nan]",47.92,"[11.97, 17.46, 29.85, nan]","[19.87, 13.78, 11.5, nan]",3862.0,514.0,2266.0,1530786.0,1.92
A041910,에스텍파마,1,12450.0,17497,12267,10777,13.44,15.86,True,-40.54,1.47,1481.0,103028.0,"[824.0, 893.0, 1027.0, nan]",24.9,"[3.41, 7.68, 15.86, nan]","[52.47, 14.87, 8.17, nan]",465.0,38.0,1280.0,218257.0,0.96
A138080,오이솔루션,1,52300.0,73155,37085,26807,48.74,44.43,True,-39.87,29.09,5556.0,133652.0,"[669.0, 680.0, 1393.0, 1498.0]",29.1,"[-2.92, 3.83, 44.43, 9.71]","[nan, 51.31, 10.72, 39.58]",2103.0,583.0,4614.0,8908.0,0.81
A241790,오션브릿지,1,16100.0,18725,11403,9317,42.13,22.82,True,-16.3,29.17,1610.0,296161.0,"[401.0, 512.0, 646.0, nan]",24.2,"[25.01, 29.43, 17.69, nan]","[10.38, 5.12, 10.06, nan]",758.0,128.0,1024.0,123197.0,2.62
A089600,나스미디어,1,30300.0,34048,23590,20610,31.98,16.3,False,-12.37,22.14,2653.0,43173.0,"[1196.0, 1321.0, 1415.0, 1591.0]",59.59,"[22.56, 15.03, 15.07, 13.67]","[26.56, 13.14, 14.16, 12.91]",1170.0,306.0,2355.0,252500.0,1.98
A239610,에이치엘사이언스,1,44350.0,55798,32031,25259,43.05,27.38,True,-25.81,27.78,2281.0,20867.0,"[531.0, 630.0, 812.0, nan]",63.19,"[9.56, 18.71, 27.38, nan]","[34.51, 20.4, 14.25, nan]",1283.0,237.0,3839.0,142792.0,0.73
A050760,에스폴리텍,1,6310.0,9617,6026,5002,20.72,21.06,True,-52.42,4.5,1031.0,168671.0,"[448.0, 460.0, 560.0, nan]",32.18,"[-6.54, 3.33, 21.06, nan]","[nan, 19.91, 8.35, nan]",1350.0,149.0,658.0,948523.0,0.91
A267320,나인테크,1,4390.0,5750,2447,1506,65.69,181.15,False,-30.97,44.26,1730.0,878776.0,"[-11.0, 20.0, 99.0, nan]",33.2,"[0, 436.59, 71.24, nan, nan]","[nan, 33.31, nan, nan]",752.0,65.0,114.0,261560.0,
A039440,에스티아이,1,16050.0,20356,14806,13225,17.6,14.59,True,-26.83,7.75,2541.0,121398.0,"[859.0, 1513.0, 1670.0, nan]",27.06,"[33.49, 16.44, 14.59, nan]","[13.99, 7.08, 14.05, nan]",3189.0,271.0,1466.0,811400.0,1.21
A092730,네오팜,1,28400.0,43622,25533,20378,28.24,25.72,True,-53.6,10.1,2331.0,37906.0,"[476.0, 593.0, 1057.0, 1181.0]",38.94,"[26.83, 28.76, 23.33, 15.53]","[30.43, 21.85, 19.83, 13.41]",832.0,230.0,2438.0,386733.0,1.55
