name,code,cur_price,est_price0,est_price1,est_price2,disparity0,rep_roe,is_cheap_per,est_level
한창,A005110,1254,71187,33630,20500,-5577,933.04,1,3
효성화학,A298000,38900,1189494,606930,403269,-2958,130.47,0,3
일정실업,A008500,1754,26901,14260,9841,-1434,89.9,1,3
예림당,A036000,3160,35712,22579,17987,-1030,34.57,1,3
더코디,A224060,4025,40320,31141,27932,-902,18.75,0,3
한라캐스트,A125490,12900,114880,55109,34213,-791,426.88,0,3
베셀,A177350,736,5499,3685,3052,-647,28.13,1,3
DMS,A068790,5630,40316,29242,25371,-616,22.15,1,3
아로마티카,A0015N0,6040,34611,17941,12114,-473,110.11,1,3
서연,A007860,8420,47364,43672,42382,-463,12.59,1,3
에스코넥,A096630,2375,13106,9133,7744,-452,24.89,0,3
일지테크,A019540,5900,32185,22754,19457,-446,23.83,1,3
앤씨앤,A092600,2985,16263,11844,10299,-445,21.9,0,3
일동홀딩스,A000230,7300,37994,25522,21162,-420,27.92,1,3
웅진,A016880,2070,10534,6122,4579,-409,49.95,1,3
진양제약,A007370,4150,20971,15816,14014,-405,19.93,0,3
케이비아이동국실업,A001620,2485,12440,12114,12000,-401,11.3,1,3
화승코퍼레이션,A013520,2370,11729,8693,7631,-395,20.88,1,3
삼정펄프,A009770,26550,128257,121075,118565,-383,12.01,0,3
티에이치엔,A019180,7540,36440,23653,19183,-383,31.38,1,3
아이티센씨티에스,A031820,6220,30039,24103,22028,-383,17.07,1,3
나래나노텍,A137080,4485,20940,15560,13679,-367,20.73,1,3
화승알앤에이,A378850,3140,14632,11513,10423,-366,17.9,1,3
에스텍,A069510,11560,53343,39786,35047,-361,20.52,0,3
우원개발,A046940,3415,15213,11721,10500,-345,18.86,1,3
구영테크,A053270,1946,8535,6978,6434,-339,16.33,1,3
알트,A459550,1445,5889,3785,3049,-308,32.52,0,3
현대지에프홀딩스,A005440,13020,52625,38538,33614,-304,21.56,1,3
한진중공업홀딩스,A003480,4970,20021,18433,17877,-303,12.63,1,3
한국캐피탈,A023760,742,2984,2678,2571,-302,13.31,0,3
SB성보,A003080,2270,9110,8433,8196,-301,12.49,0,3
사람인,A143240,14690,58650,40920,34722,-299,24.79,1,3
시공테크,A020710,3910,15544,12499,11435,-298,16.98,0,3
체리부로,A066360,814,3234,2629,2417,-297,16.55,1,3
동양이엔피,A079960,21250,80978,68919,64703,-281,14.91,0,3
서희건설,A035890,2130,8034,6866,6458,-277,14.78,1,3
유성티엔에스,A024800,4780,17871,16810,16440,-274,12.09,1,3
우신시스템,A017370,4500,16799,13682,12592,-273,16.48,1,3
TP,A007980,1761,6496,6400,6366,-269,11.06,1,3
대원산업,A005710,10110,36465,32571,31210,-261,13.44,1,3
제일테크노스,A038010,5990,21561,19129,18278,-260,13.63,1,3
KX,A122450,2830,10158,9256,8940,-259,12.9,1,3
현대코퍼레이션홀딩스,A227840,12240,43920,39845,38421,-259,13.01,1,3
동원금속,A018500,1416,5044,3870,3460,-256,19.06,1,3
미창석유,A003650,122100,428815,369060,348170,-251,14.55,0,3
솔본,A035610,3330,11409,9469,8791,-243,15.78,0,3
현대코퍼레이션,A011760,24850,84675,70263,65224,-241,15.78,1,3
서연이화,A200880,12870,43859,43587,43492,-241,10.88,1,3
지역난방공사,A071320,67500,229422,213057,207336,-240,12.41,1,3
제이에스코퍼레이션,A194370,10830,36202,26581,23217,-234,21.41,1,3
평화홀딩스,A010770,4415,14367,11424,10396,-225,17.44,1,3
솔브레인홀딩스,A036830,46050,148739,114654,102738,-223,18.84,0,3
NI스틸,A008260,3075,9890,9729,9673,-222,11.09,1,3
성창오토텍,A080470,3170,10074,9113,8777,-218,13.09,1,3
우리기술투자,A041190,5980,18902,14135,12468,-216,20.38,0,3
KTis,A058860,2610,8143,7961,7897,-212,11.22,1,3
인지소프트,A100030,17220,53793,39819,34934,-212,20.94,1,3
성우하이텍,A015750,6960,21342,21270,21245,-207,10.82,1,3
한일사료,A005860,2670,8156,6023,5277,-205,21.08,0,3
태영건설,A009410,1666,4992,3417,2867,-200,26.28,1,3
신세계푸드,A031440,43050,126571,111851,106705,-194,13.74,1,3
유신,A054930,20150,58826,55023,53693,-192,12.23,0,3
한국컴퓨터,A054040,4905,14261,13302,12967,-191,12.3,0,3
동구바이오제약,A006620,4155,11503,8358,7258,-177,22.04,0,3
선진,A136490,10140,27991,25690,24886,-176,12.71,1,3
캐프,A198080,3035,8272,7119,6715,-173,14.55,0,3
세경하이테크,A148150,3775,10280,8496,7873,-172,15.93,0,3
쿠쿠홈시스,A284740,22150,59043,53347,51356,-167,13.12,1,3
다우기술,A023590,39000,103421,90850,86456,-165,13.92,1,3
국보디자인,A066620,24850,65441,56061,52782,-163,14.7,1,3
SY동아,A041930,5680,14900,13783,13392,-162,12.51,1,3
명신산업,A009900,8960,23077,18449,16831,-158,17.22,1,3
금호타이어,A073240,4800,12303,9507,8530,-156,18.72,0,3
JW홀딩스,A096760,3715,9456,6469,5424,-155,26.34,1,3
영화금속,A012280,853,2169,1907,1815,-154,13.91,1,3
백금T&A,A046310,2295,5758,5111,4884,-151,13.62,0,3
KCC,A002380,579000,1448627,1243314,1171537,-150,14.64,0,3
아이스크림미디어,A461300,16730,41532,27938,23186,-148,27.79,1,3
코리아에프티,A123410,6540,16142,12529,11266,-147,18.51,1,3
다우데이타,A032190,20050,49342,45448,44087,-146,12.62,1,3
오상자이엘,A053980,2655,6273,5994,5896,-136,11.73,1,3
체시스,A033250,4160,9796,8354,7849,-135,14.84,1,3
베뉴지,A019010,5560,12945,11222,10619,-133,14.32,1,3
한국전력,A015760,38700,89158,81620,78985,-130,12.77,1,3
태경비케이,A014580,4120,9415,8947,8783,-129,11.85,1,3
우리산업,A215360,7350,16692,14843,14197,-127,13.56,1,3
평화산업,A090080,876,1978,1526,1368,-126,18.8,1,3
케이씨피드,A025880,2510,5625,5331,5228,-124,11.92,1,3
백산,A035150,10400,23084,17696,15812,-122,19.11,0,3
동원수산,A030720,5690,12501,12297,12226,-120,11.09,0,3
디와이피엔에프,A104460,10060,22137,18764,17585,-120,15.05,1,3
SOOP,A067160,49750,109166,74289,62097,-119,26.78,1,3
배럴,A267790,3140,6805,6435,6306,-117,11.97,0,3
KT밀리의서재,A418470,10230,22105,15722,13490,-116,23.42,1,3
대창단조,A015230,6010,12894,12847,12831,-115,10.82,1,3
엠에스씨,A009780,6120,13123,11857,11414,-114,13.12,1,3
동아엘텍,A088130,7110,15190,12275,11256,-114,16.79,1,3
JW생명과학,A234080,11250,23954,18773,16961,-113,18.07,1,3
영화테크,A265560,7540,16062,12112,10732,-113,19.93,1,3
동인기연,A111380,13160,27889,26714,26303,-112,11.67,1,3
아이티센엔텍,A010280,6790,14323,10751,9503,-111,20.18,1,3
엠게임,A058630,4465,9442,8259,7845,-111,14.05,1,3
유아이엘,A049520,3680,7641,7102,6914,-108,12.39,0,3
세동,A053060,1302,2709,2481,2402,-108,12.76,1,3
HB솔루션,A297890,1880,3893,3612,3513,-107,12.43,1,3
트루엔,A417790,6450,13341,11899,11395,-107,13.48,0,3
DB손해보험,A005830,144700,296840,234170,212261,-105,17.79,1,3
화신,A010690,9820,19957,18082,17426,-103,13.05,1,3
동방,A004140,1969,3962,3809,3756,-101,11.58,1,3
흥국,A010240,5250,10572,10427,10376,-101,11.03,1,3
대한약품,A023910,26200,52709,51826,51517,-101,11.1,0,3
메타바이오메드,A059210,3620,7226,5843,5359,-100,16.76,0,3
오아,A342870,5270,10562,9126,8624,-100,14.42,0,3
멀티캠퍼스,A067280,25150,49956,44050,41986,-99,13.81,0,3
대한뉴팜,A054670,5690,11230,10556,10321,-97,12.11,0,3
휴네시온,A290270,3070,6035,5729,5623,-97,11.88,1,3
키네마스터,A139670,1578,3037,2376,2145,-92,18.15,1,3
한국화장품제조,A003350,8390,16061,10572,8653,-91,29.89,0,3
쿠쿠홀딩스,A192400,24750,47183,44698,43830,-91,11.93,1,3
대웅,A003090,18110,34142,31062,29985,-89,12.94,1,3
한솔로지스틱스,A009180,2745,5188,5142,5126,-89,10.93,1,3
영원무역홀딩스,A009970,183200,345380,306553,292980,-89,13.62,1,3
시프트업,A462870,30450,57095,35171,27507,-88,38.31,1,2
브이티,A018290,12670,23558,14720,11630,-86,36.19,1,2
인터플렉스,A051370,10070,18627,15787,14794,-85,15.05,0,3
HLB제넥스,A187420,2215,4082,2574,2047,-84,34.92,0,2
바이오포트,A188040,4800,8785,8784,8784,-83,10.75,0,3
인카금융서비스,A211050,9560,17353,10435,8016,-82,42.48,0,2
인피니트헬스케어,A071200,7240,13139,10323,9339,-81,17.96,1,3
바텍,A043150,18720,33676,33513,33456,-80,10.85,1,3
토비스,A051360,17660,31870,24878,22433,-80,18.25,0,3
에이아이코리아,A364950,4825,8618,7689,7364,-79,13.47,0,3
HRS,A036640,4740,8428,8159,8065,-78,11.43,1,3
메가스터디교육,A215200,39850,70793,58635,54385,-78,15.85,0,3
젝시믹스,A337930,2930,5221,4524,4281,-78,14.33,1,3
나이스디앤비,A130580,5540,9797,8574,8147,-77,14.03,0,3
나이스정보통신,A036800,26450,46539,45894,45668,-76,11.04,1,3
CJ프레시웨이,A051500,22800,40121,39172,38841,-76,11.25,1,3
휴메딕스,A200670,26400,46192,35946,32364,-75,18.39,0,3
솔디펜스,A215090,1793,3143,2687,2528,-75,14.76,1,3
아이디피,A332370,5040,8785,7185,6626,-74,16.32,0,3
F&F,A383220,71100,123132,84165,70542,-73,26.41,1,2
아이크래프트,A052460,2985,5148,4441,4195,-72,14.47,1,3
아이비김영,A339950,2560,4389,2955,2453,-71,27.72,0,2
대한조선,A439260,61400,103201,63427,49522,-68,38.68,1,2
아이패밀리에스씨,A114840,9930,16604,11086,9157,-67,28.48,1,2
세보엠이씨,A011560,21450,35347,30869,29304,-65,14.09,1,3
케이엘넷,A039420,2740,4503,3840,3608,-64,14.85,1,3
탑런토탈솔루션,A336680,3000,4906,4773,4727,-64,11.33,0,3
원바이오젠,A307280,6020,9828,7931,7268,-63,16.84,0,3
사이냅소프트,A466410,9740,15804,15075,14820,-62,11.77,1,3
DN오토모티브,A007340,41700,67283,52070,46751,-61,18.65,1,3
DB,A012030,1993,3201,2748,2589,-61,14.63,1,3
일월지엠엘,A178780,2300,3695,2923,2653,-61,17.67,1,3
JB금융지주,A175330,23850,37297,34531,33564,-56,12.48,1,3
삼진식품,A0013V0,5650,8747,6333,5489,-55,22.26,0,2
JW신약,A067290,1354,2094,1365,1110,-55,30.91,0,2
씨아이테크,A004920,980,1493,1446,1430,-52,11.42,1,3
한샘,A009240,30650,46364,34472,30315,-51,20.7,0,2
명인제약,A317450,45450,68187,60834,58264,-50,13.47,1,3
한국단자,A025540,77600,115399,115095,114989,-49,10.8,1,3
엠씨넥스,A097520,21200,31686,27426,25936,-49,14.37,1,3
오파스넷,A173130,6660,9846,7239,6327,-48,21.34,1,2
희림,A037440,5060,7417,7074,6954,-47,11.77,0,3
헥토이노베이션,A214180,16070,23670,20465,19345,-47,14.4,1,3
씨앤씨인터내셔널,A352480,19290,28311,27108,26687,-47,11.68,1,3
케이티알파,A036030,4510,6604,6380,6301,-46,11.48,1,3
영원무역,A111770,81600,118738,106684,102470,-46,13.28,1,3
기아,A000270,164300,237690,194855,179880,-45,16.23,1,3
동방선기,A099410,3835,5432,4439,4091,-42,16.35,1,3
월덱스,A101160,25450,35947,27965,25175,-41,18.41,0,2
한국정보통신,A025770,8050,11266,10352,10033,-40,12.68,1,3
링네트,A042500,4300,6004,5816,5750,-40,11.42,1,3
케이프,A064820,10450,14595,12018,11117,-40,16.07,1,3
티디에스팜,A464280,7010,9848,8912,8584,-40,13.08,0,3
대신정보통신,A020180,1017,1390,1188,1118,-37,14.76,1,3
이지바이오,A353810,6190,8450,5669,4697,-37,28.03,1,1
잉글우드랩,A950140,9250,12660,10325,9508,-37,16.43,0,3
셀바이오휴먼텍,A318160,5460,7412,7102,6993,-36,11.67,0,3
코츠테크놀로지,A448710,14920,20262,15748,14170,-36,18.45,0,2
토탈소프트,A045340,7500,10106,7062,5998,-35,24.67,1,1
메리츠금융지주,A138040,106100,140607,99510,85142,-33,23.76,1,1
유비쿼스,A264450,12550,16657,14892,14276,-33,13.41,0,3
아바코,A083930,12930,17092,16593,16419,-32,11.37,1,3
나노,A187790,5580,7387,4187,3069,-32,57.04,1,1
인스피언,A465480,4780,6247,6024,5946,-31,11.52,1,3
에이유브랜즈,A481070,12420,16326,10164,8009,-31,36.72,0,1
미원화학,A134380,10150,13188,10928,10138,-30,15.83,0,2
진양산업,A003780,5010,6443,5759,5520,-29,13.42,0,3
한국금융지주,A071050,241500,310246,266206,250810,-28,14.65,1,3
지엔씨에너지,A119850,21100,26904,19767,17272,-28,21.37,0,1
엠아이텍,A179290,4850,6195,4965,4535,-28,17.12,1,2
네오오토,A212560,10740,13790,12647,12248,-28,12.72,1,3
매커스,A093520,21050,26762,20438,18227,-27,19.29,1,1
빙그레,A005180,70000,87618,85753,85101,-25,11.2,1,3
휴온스,A243070,27650,34677,33296,32813,-25,11.62,0,3
스톰테크,A352090,3625,4519,3970,3778,-25,13.92,1,3
에스엠,A041510,78300,96770,68494,58608,-24,23.75,1,1
현대이지웰,A090850,5820,7203,5954,5517,-24,15.92,1,2
GC메디아이,A032620,3230,3981,3343,3120,-23,15.36,1,2
종근당,A185750,76600,94007,84494,81168,-23,13.27,1,3
블랙야크아이앤씨,A478560,2720,3354,2356,2008,-23,24.28,0,1
바이오비쥬,A489460,6720,8235,6042,5276,-23,21.45,1,1
더블유게임즈,A192080,69900,85039,72183,67688,-22,15.0,1,2
엠플러스,A259630,13450,16414,12186,10707,-22,20.78,1,1
디젠스,A113810,680,820,773,757,-21,12.03,0,3
유니트론텍,A142210,7170,8659,7623,7261,-21,13.86,1,3
기산텔레콤,A035460,3145,3780,3716,3693,-20,11.1,0,3
AP시스템,A265520,23400,27834,26275,25730,-19,12.01,1,3
파워넷,A037030,6680,7886,6862,6504,-18,14.21,0,2
제이브이엠,A054950,22500,26645,23245,22056,-18,14.13,1,2
노바렉스,A194700,14690,17343,15695,15119,-18,13.08,1,3
바디텍메드,A206640,10420,12302,11423,11116,-18,12.41,0,3
하이록코리아,A013030,35450,41271,39852,39356,-16,11.49,1,3
로지시스,A067730,2330,2690,2413,2316,-15,13.32,1,2
슈프리마,A236200,42200,48508,43589,41869,-15,13.27,0,2
애니플러스,A310200,2230,2567,2421,2370,-15,12.04,1,3
제일기획,A030000,18410,20779,17974,16994,-13,14.39,1,1
뉴프렉스,A085670,4340,4925,4658,4564,-13,11.96,0,3
피엔티,A137400,43700,49397,38901,35232,-13,17.86,1,1
에스엘,A005850,71200,79138,66480,62055,-11,15.35,1,1
크레버스,A096240,8990,9938,7608,6793,-11,19.18,0,1
폰드그룹,A472850,4075,4520,4281,4197,-11,11.93,1,3
씨앤지하이테크,A264660,14770,16233,15683,15491,-10,11.48,1,3
미원에스씨,A268280,100000,109724,100882,97791,-10,12.66,0,2
메쎄이상,A408920,3050,3340,2559,2286,-10,19.13,0,1
경동나비엔,A009450,68700,74941,63396,59360,-9,15.11,1,1
JW중외제약,A001060,26150,28230,21906,19695,-8,18.53,1,1
삼지전자,A037460,45350,49145,41163,38373,-8,15.45,0,1
한라IMS,A092460,18810,20333,15679,14052,-8,18.82,1,1
파라택시스이더리움,A290560,1122,1210,1203,1200,-8,10.88,1,3
고려신용정보,A049720,9620,10260,7137,6045,-7,25.02,0,1
진성티이씨,A036890,14000,14771,14735,14722,-6,10.8,1,3
티앤엘,A340570,54400,56920,39934,33997,-5,24.38,0,1
키움증권,A039490,364000,378828,313066,290076,-4,15.93,1,1
나무가,A190510,17500,17971,14886,13807,-3,15.85,0,1
에이에스텍,A453860,10400,10663,9874,9598,-3,12.48,1,1
삼양컴텍,A484590,7910,8107,5807,5003,-3,22.95,1,1
효성ITX,A094280,12310,12500,9459,8397,-2,19.75,1,1
